mmsi,observed_at_utc,latitude,longitude,sog_knots,cog_degrees,heading_degrees,anchorage_object_id,anchorage_name,record_hash
477131300,2024-12-28 09:19:45+01:00,33.72835,-118.19674,3.8,271.4,273.0,314,Long Beach Harbor Anchorage B,8462ff0cb80a8bb6878b62e04181a85e1395ba9b1db4b49197116465563daa2a
477131300,2024-12-28 09:20:53+01:00,33.72843,-118.19831,3.7,272.8,272.0,314,Long Beach Harbor Anchorage B,99e56b185b7b69ddffe2580bc38ccf9b6b9d4993d9ae0cfb286df1ee6e0bf126
477131300,2024-12-28 09:22:03+01:00,33.72848,-118.1997,3.4,271.6,270.0,314,Long Beach Harbor Anchorage B,f8e9aa3bf8545107958814a9bf7caa84899f9fe1f977af48ae07e058007438dd
477131300,2024-12-28 09:23:12+01:00,33.72848,-118.20068,2.8,267.9,270.0,314,Long Beach Harbor Anchorage B,f89d4af3a86d03c0b3b547ca3af09dc0d3e6d1bf5a9f7206845ef7c647a17f5e
477131300,2024-12-28 09:24:24+01:00,33.72838,-118.20152,1.8,260.5,277.0,314,Long Beach Harbor Anchorage B,50abfcd84842be0b24ccf74d8e1701479616e9e82dbbc6eb1733e82921a294d8
477131300,2024-12-28 09:25:34+01:00,33.7283,-118.20207,1.3,261.8,287.0,314,Long Beach Harbor Anchorage B,47556dbd61b9a5cf356765079ef546305f5b6f643d7236827acbbd290f994fe7
477131300,2024-12-28 09:27:03+01:00,33.72821,-118.20258,0.9,261.1,299.0,314,Long Beach Harbor Anchorage B,0a01e1d63e853b9b338e2cf1e21023ca484fa8bdad073ff3cceb5b5535dfac85
477131300,2024-12-28 09:28:13+01:00,33.72815,-118.20281,0.5,253.7,309.0,314,Long Beach Harbor Anchorage B,4522eef03d0f7e5c5aa3921b099c5cca740828a50af4d7921faf7e96bbd1967b
477131300,2024-12-28 09:29:23+01:00,33.72812,-118.203,0.4,261.1,319.0,314,Long Beach Harbor Anchorage B,71501330ce08432f6d32d7fcf625ce1dfd14d77afceaf9bd71f82197cdd2b3bb
477131300,2024-12-28 09:30:34+01:00,33.7281,-118.20316,0.4,271.9,327.0,314,Long Beach Harbor Anchorage B,570bc21b5e88cbdeae9df5ee0d92bb343a3cf5111393d2408f6f534f560df184
477131300,2024-12-28 09:31:53+01:00,33.72811,-118.20333,0.4,287.3,337.0,314,Long Beach Harbor Anchorage B,770f6866765b1ed671d977d6e0a813aa58c74f10c98b187066c2c2316357a430
477131300,2024-12-28 09:33:02+01:00,33.72812,-118.20346,0.3,275.4,345.0,314,Long Beach Harbor Anchorage B,d1a32d82d3846954fb05f515963a83f25616fdbc663a358a4e28809b0769667e
477131300,2024-12-28 09:34:03+01:00,33.72812,-118.20356,0.3,275.4,352.0,314,Long Beach Harbor Anchorage B,3c0b056e340c4af1c3cbea7bcb47aba7b76bd32e79872aacf6db2b36ecd06284
477131300,2024-12-28 09:35:13+01:00,33.72813,-118.20367,0.3,291.4,1.0,314,Long Beach Harbor Anchorage B,7b5f9949b63bde0781d69a2ea05d2ed859f2181e70b0cbe11b26fcd8007d6f0c
477131300,2024-12-28 09:37:38+01:00,33.72818,-118.20385,0.2,307.0,13.0,314,Long Beach Harbor Anchorage B,d2d388d00149055d3107ac1dcf41d61ea343a3c8c6f6734e81c04785dbf746a8
477131300,2024-12-28 09:40:38+01:00,33.7282,-118.20395,0.1,313.2,18.0,314,Long Beach Harbor Anchorage B,bcb90252784304b75c893eeeecac97a57cee040c6a5d51b4daa8b9f86f15564d
477131300,2024-12-28 09:43:38+01:00,33.72819,-118.20395,0.0,306.8,15.0,314,Long Beach Harbor Anchorage B,0e50736b7aa0e47b25599b0be77be02f3d8b2fe8f00bb1f9fc21dc7afc9a100f
477131300,2024-12-28 09:46:38+01:00,33.72818,-118.20392,0.1,6.4,13.0,314,Long Beach Harbor Anchorage B,57d8fd671082d251a4975044260364ed5bf5b0dc1a6794db951fae079fd257ff
477131300,2024-12-28 09:49:38+01:00,33.72817,-118.20393,0.1,307.2,13.0,314,Long Beach Harbor Anchorage B,5fddcb90ff73268c169eb7590aa274d99f0175c674526687bb8de55e623162d7
477131300,2024-12-28 09:52:38+01:00,33.72814,-118.20394,0.0,313.5,15.0,314,Long Beach Harbor Anchorage B,f8095861031f8b3497216be9b5fae03e4ae7bf8f75a0e1d58bdf266cd2726af5
477131300,2024-12-28 09:55:38+01:00,33.72816,-118.20398,0.1,359.3,16.0,314,Long Beach Harbor Anchorage B,30eca0db5465fb4eeadfe697b054617c8c249c7ea067803b98ac20225f2f6a06
477131300,2024-12-28 09:58:38+01:00,33.72813,-118.20395,0.0,43.4,15.0,314,Long Beach Harbor Anchorage B,feb7d8edcf5f68bc3cc86e3dc3d5100f0c58ff1d4e87b53e16a8321bbfc9e19f
477131300,2024-12-28 10:01:38+01:00,33.7281,-118.20392,0.0,277.0,13.0,314,Long Beach Harbor Anchorage B,a7235cfcb6ace7a9f043c98799df8faf50f9380c21a8ad7d9bceb53bddfc6eed
477131300,2024-12-28 10:04:38+01:00,33.72812,-118.20389,0.1,41.7,10.0,314,Long Beach Harbor Anchorage B,841bec8734bbcbf214cd7e913bd3a3142fa9bfca6449e28f363931677209edb1
477131300,2024-12-28 10:07:38+01:00,33.72813,-118.20387,0.0,16.6,9.0,314,Long Beach Harbor Anchorage B,9385c2524470ad41404ec07871b4c40898a99b875fbb9c3d3615d4e74e8ccc16
477131300,2024-12-28 10:10:38+01:00,33.72813,-118.20385,0.0,16.6,8.0,314,Long Beach Harbor Anchorage B,a0ae3173f2d1a6e3ce4b510f924b1818c44fdf0cc14cf388d78a81dc2d65d083
477131300,2024-12-28 10:13:38+01:00,33.72814,-118.20382,0.0,283.6,9.0,314,Long Beach Harbor Anchorage B,f1015c07a24fe2baec7baffe91a6591ede7d43766f4b8bcde6f59ae60e196af3
477131300,2024-12-28 10:16:38+01:00,33.72816,-118.20388,0.1,281.0,11.0,314,Long Beach Harbor Anchorage B,6bec0a8a0d9941d6a2761a7989e818b406cfece0866b88e07c43a9b2c77f2282
477131300,2024-12-28 10:19:38+01:00,33.72818,-118.2039,0.0,278.9,13.0,314,Long Beach Harbor Anchorage B,f206f464f76325080c79b1b0ee8335cc439a3acaa49549862f2a2d0ebc6d7216
477131300,2024-12-28 10:25:38+01:00,33.72818,-118.20391,0.0,273.1,13.0,314,Long Beach Harbor Anchorage B,32dc9eb8a7fe7a83de023ad6a33620a7a7ee1ed4a7772b13b6e82d057f41d5e1
477131300,2024-12-28 10:28:38+01:00,33.72819,-118.20393,0.1,255.7,12.0,314,Long Beach Harbor Anchorage B,5ec90583e619d0e497fff5793218b39ed294ff5403a80d2eac0c2ac48a3c36a1
477131300,2024-12-28 10:31:38+01:00,33.72821,-118.20397,0.1,260.8,12.0,314,Long Beach Harbor Anchorage B,26b22274b7e473cf919be94f1bc71462ee33e26048e21f1d47dd10f016380525
477131300,2024-12-28 10:34:38+01:00,33.72821,-118.20398,0.1,284.5,12.0,314,Long Beach Harbor Anchorage B,c9c472db68b12e64fdb0e286c59e201fd54506611674aa8086ff3937cad858df
477131300,2024-12-28 10:37:38+01:00,33.72824,-118.20399,0.1,274.5,13.0,314,Long Beach Harbor Anchorage B,9c05d94dcf47445ed168314483cb1e92f2cc636623681494381e8045342b3760
477131300,2024-12-28 10:46:38+01:00,33.72823,-118.20415,0.2,259.8,17.0,314,Long Beach Harbor Anchorage B,f9502dba54ab947a6e076ef21c70b1b81394b102b786dfeb9170e1c41a339da9
477131300,2024-12-28 10:52:38+01:00,33.72827,-118.20433,0.1,243.4,22.0,314,Long Beach Harbor Anchorage B,22127186bd43d27bdcb1b350c695d02df9fa9fea5be76f045f0fc58c67b80bb8
477131300,2024-12-28 10:55:38+01:00,33.72827,-118.20443,0.1,246.8,25.0,314,Long Beach Harbor Anchorage B,81d3b9226ea0f9d7ef69339a9a6dad2c2ab678b3a931bd6b4b29f8238022d0e9
477131300,2024-12-28 10:58:38+01:00,33.72829,-118.20453,0.2,260.4,28.0,314,Long Beach Harbor Anchorage B,23d56a4137e651f6ae167e268a36dbc925556bc312d8cb2bfd17c38fa37b2486
477131300,2024-12-28 11:01:38+01:00,33.72831,-118.20462,0.1,255.8,31.0,314,Long Beach Harbor Anchorage B,b259136b039c61f50b1c60bc5f2ce301a655d3af388636fce07a60853da4a225
477131300,2024-12-28 11:04:38+01:00,33.72834,-118.20469,0.1,260.4,34.0,314,Long Beach Harbor Anchorage B,0f23354112a6a8c83b6425fbf74b561844dff71c20fa3cfa21998c760287b989
477131300,2024-12-28 11:07:38+01:00,33.72834,-118.20478,0.1,264.8,37.0,314,Long Beach Harbor Anchorage B,adf18b678b21009cb29bd6acb1bd8ef912c18530d0cd657639ee7d12ea8f4a69
477131300,2024-12-28 11:10:38+01:00,33.72837,-118.20485,0.1,273.1,40.0,314,Long Beach Harbor Anchorage B,85df2a86d3e43e1be0f1c40e427d38158a467b1f54936115c1b8e6ad19279be5
477131300,2024-12-28 11:13:38+01:00,33.7284,-118.20491,0.1,277.5,42.0,314,Long Beach Harbor Anchorage B,22a595c338a38faee9e9db68d988f634630ebce455a7171bfa5f585b8da91bab
477131300,2024-12-28 11:16:38+01:00,33.72847,-118.20495,0.1,280.7,45.0,314,Long Beach Harbor Anchorage B,716fed130222ad2d07f9c792d4e15c8c8551cc3ea002b2597784f675e4294a00
477131300,2024-12-28 11:19:38+01:00,33.72854,-118.20499,0.1,250.7,47.0,314,Long Beach Harbor Anchorage B,e4171b776c0804bb504ea830c2bd530b2b7d181f690604849a731bb8472ac3b2
477131300,2024-12-28 11:22:38+01:00,33.72858,-118.20503,0.1,306.5,49.0,314,Long Beach Harbor Anchorage B,5369e5841ade354a541ef01bdb64aa424b9075507d72adeb4e7b8b2f4faa06a4
477131300,2024-12-28 11:28:38+01:00,33.72866,-118.20508,0.1,268.8,54.0,314,Long Beach Harbor Anchorage B,4c9209c838d1681396f78bcca2e1bdbe2f71ca9a7d9f9d6d92db3f2188e9c9c9
477131300,2024-12-28 11:31:38+01:00,33.72873,-118.2051,0.1,301.9,56.0,314,Long Beach Harbor Anchorage B,c0de363d08d23e55d1262f84474576c970f94e18f256e29eea42ece642a5ed68
477131300,2024-12-28 11:34:38+01:00,33.72878,-118.20514,0.1,243.7,57.0,314,Long Beach Harbor Anchorage B,6a3ed71cd274d2d3da76926bfb910e701ebde635ecad31ae4ef2b27e17c9496d
477131300,2024-12-28 11:37:38+01:00,33.72881,-118.20517,0.1,264.1,59.0,314,Long Beach Harbor Anchorage B,0cd20bc101a594aab89439711f8ef14781d72b58e6f30bd924a5cf45dc6505e1
477131300,2024-12-28 11:40:38+01:00,33.72885,-118.2052,0.1,281.8,60.0,314,Long Beach Harbor Anchorage B,dd25877d66e8ff0b62cf2d8545f1e28a8178cbc71b00e42df737f5dcaf890149
477131300,2024-12-28 11:43:38+01:00,33.72886,-118.20524,0.1,268.1,62.0,314,Long Beach Harbor Anchorage B,5f570aa9bbdbd030d606a6f331e3987d78255f57ffbeca3afcef30197c5972ca
477131300,2024-12-28 11:46:38+01:00,33.72888,-118.20529,0.1,274.1,63.0,314,Long Beach Harbor Anchorage B,472750387aa5df12c20be314276ba86b600eab6e953b115eee8cd2b897d48cfe
477131300,2024-12-28 11:49:38+01:00,33.72889,-118.20533,0.1,266.3,64.0,314,Long Beach Harbor Anchorage B,9cd14cfd0da5c643089c4dcde5e8966495e18a5e306d3e7fb5c109d066bffa6d
477131300,2024-12-28 11:52:38+01:00,33.72893,-118.20538,0.1,237.9,64.0,314,Long Beach Harbor Anchorage B,2aaf1bf294f18ac2b674285ae63d887da23426d61680035ce5b7bb657377c250
477131300,2024-12-28 11:55:38+01:00,33.72892,-118.20541,0.1,257.3,65.0,314,Long Beach Harbor Anchorage B,9c97cbbcb4a5ae9d4e35b3644209917cf2bb0b28399bd7a4897ccf2410caa4eb
477131300,2024-12-28 11:58:38+01:00,33.72892,-118.20542,0.1,276.6,65.0,314,Long Beach Harbor Anchorage B,9dcd20f12a825058855d3407417d74b5920c66be58868cdc3d130e6e02bc7e48
477131300,2024-12-28 12:01:38+01:00,33.72892,-118.20545,0.1,266.1,66.0,314,Long Beach Harbor Anchorage B,99008f85ff9844b1d7da7b86b78133cb30d223ea3c632814d6e7ff23fc6b8ae2
477131300,2024-12-28 12:04:38+01:00,33.72895,-118.20543,0.0,293.1,67.0,314,Long Beach Harbor Anchorage B,eeeb3dda7e93cf86c4aef5df5dca0952e7c2e25fb5709bfb461636a239535688
477131300,2024-12-28 12:07:38+01:00,33.72897,-118.20546,0.0,321.9,68.0,314,Long Beach Harbor Anchorage B,5fa04923b2b29b75dffdaeca4d5f638c50e0bbf919e819843d615200d34f43be
477131300,2024-12-28 12:10:38+01:00,33.72899,-118.20544,0.0,334.3,68.0,314,Long Beach Harbor Anchorage B,1ea6d9079fa95d1e68439cf0e1c70acf2af27441063bec6097c1da4a0f2f19b2
477131300,2024-12-28 12:13:38+01:00,33.72902,-118.20543,0.0,330.4,69.0,314,Long Beach Harbor Anchorage B,b2de2946a2ed5f9f4f653c00972fc3dd459f32697b493a23871c8d3ff6faa959
477131300,2024-12-28 12:16:38+01:00,33.72905,-118.20542,0.0,337.1,70.0,314,Long Beach Harbor Anchorage B,cb17129563612cdb73d3ee4cf5bbeb95fa91d9b2fb1eb2013cf274e61248dc24
477131300,2024-12-28 12:19:38+01:00,33.72906,-118.20543,0.0,276.9,71.0,314,Long Beach Harbor Anchorage B,5afdea48ac41e6d6277cc5c1a67fddfe2a151dc502ef667abb6c88b5b0b632b3
477131300,2024-12-28 12:25:38+01:00,33.7291,-118.20545,0.0,277.8,72.0,314,Long Beach Harbor Anchorage B,704a75e1fe94d6765226c4c1e7936cc85bbb130dd851853e0ad757a24a762d09
477131300,2024-12-28 12:28:38+01:00,33.72912,-118.20546,0.0,289.1,73.0,314,Long Beach Harbor Anchorage B,8b03a6e21ccc1298f0a2ae51321acbbceb04ae9d8667c99f98d1f60ea55cd096
477131300,2024-12-28 12:34:38+01:00,33.72912,-118.20546,0.0,219.7,74.0,314,Long Beach Harbor Anchorage B,266c3e809aa3823c4ea522d06a47775ef214cff5804faaeecbbfe75af967e220
477131300,2024-12-28 12:37:38+01:00,33.72915,-118.20547,0.0,219.7,75.0,314,Long Beach Harbor Anchorage B,2d2f24d9095fab009f62403214900cb4754e04ac80f8bb915584e7a304dd9eeb
477131300,2024-12-28 12:40:38+01:00,33.72915,-118.20546,0.0,276.3,75.0,314,Long Beach Harbor Anchorage B,987aab2c21b6b1b3f82b58bd59d1ed1e4bf7176b9a054a84631a93130026541c
477131300,2024-12-28 12:43:38+01:00,33.72916,-118.20547,0.1,262.8,75.0,314,Long Beach Harbor Anchorage B,f9a3de5358bf912393926ab42df3ec92dcde42f314148e81d0f35366b1b47d14
477131300,2024-12-28 12:52:38+01:00,33.72921,-118.20558,0.0,290.8,77.0,314,Long Beach Harbor Anchorage B,0ba0f4991ec6b304d3e37e6059a83d668b2a7a913c8baed4aa62435307f07a4f
477131300,2024-12-28 12:58:38+01:00,33.72929,-118.20559,0.0,325.8,80.0,314,Long Beach Harbor Anchorage B,c43148ccabf16e45bd03b76a08d5891fab83bbc313a9f72a99f747265c0aa273
477131300,2024-12-28 13:01:38+01:00,33.72933,-118.20559,0.0,337.0,81.0,314,Long Beach Harbor Anchorage B,40bf364b022a2a383afc60ce243208990b0e1df56069b31972949630c2dbbf82
477131300,2024-12-28 13:04:38+01:00,33.72936,-118.20559,0.0,324.3,83.0,314,Long Beach Harbor Anchorage B,24a2207e55dea5f348351b44002ed82659f2379bb81c0cd5a7bc1919fd3dda40
477131300,2024-12-28 13:07:38+01:00,33.72937,-118.20557,0.0,194.2,83.0,314,Long Beach Harbor Anchorage B,eb6fdef080b6244e12e70635557a58831a34a91ef6229a4ce98d58208481aa6c
477131300,2024-12-28 13:10:38+01:00,33.72941,-118.20551,0.0,130.8,84.0,314,Long Beach Harbor Anchorage B,7b8de3a4176d8bcd0940370c67e7ed8b9e6c1daed8ed406d693f8ac610e1f96d
477131300,2024-12-28 13:13:38+01:00,33.72942,-118.20549,0.0,144.4,84.0,314,Long Beach Harbor Anchorage B,545b6d3c5502800799bc23af7086c5570814776e85140e0b29a2a2191d30a6ad
477131300,2024-12-28 13:16:38+01:00,33.72942,-118.20544,0.0,194.2,84.0,314,Long Beach Harbor Anchorage B,819b9fcd41053e526502b24868d5e1bedaf5a9a0c102b4a293deeb9ec260f957
477131300,2024-12-28 13:19:38+01:00,33.72944,-118.20544,0.0,226.2,84.0,314,Long Beach Harbor Anchorage B,4325513a817f64c134e15095c4099947858de5df93ea323e846cba0ad30a3ea7
477131300,2024-12-28 13:22:38+01:00,33.72944,-118.20547,0.0,275.3,84.0,314,Long Beach Harbor Anchorage B,74c3100fcd28a1c8a51ebe967ae1b3ff35203bd82847622e4bf42f71d22e141a
477131300,2024-12-28 13:25:38+01:00,33.72947,-118.20549,0.1,232.4,84.0,314,Long Beach Harbor Anchorage B,a7c63509c74a6a453d34ae3a3f65bcdd963a44d3b4ef5b6610f947a8ad5bc625
477131300,2024-12-28 13:28:38+01:00,33.72943,-118.20548,0.1,165.4,85.0,314,Long Beach Harbor Anchorage B,43cb8bcc26697067e7c86a8762e64d6f289220d29f1517670ee79c5a1ff317a9
477131300,2024-12-28 13:31:38+01:00,33.72946,-118.20546,0.1,180.6,85.0,314,Long Beach Harbor Anchorage B,8eb118b56bcbf9cf2e18c1a4fd1fa7f80eff4d33dbf7ce5952757509d1e0dd87
477131300,2024-12-28 13:34:38+01:00,33.72947,-118.20546,0.0,206.3,85.0,314,Long Beach Harbor Anchorage B,041d21221ac220c976c24d2b050678517aeb452142c3c3605488a74df87ca174
477131300,2024-12-28 13:37:38+01:00,33.72948,-118.20546,0.1,224.0,85.0,314,Long Beach Harbor Anchorage B,bfebc015639967d6e1737804c70ed2780a8b3d434c68b4bc117b578855dbef7b
477131300,2024-12-28 13:40:38+01:00,33.72945,-118.20548,0.1,197.5,84.0,314,Long Beach Harbor Anchorage B,0f1c0744d89de98eda613d2bcff3fc37fc6b560b6e25f932e14e737611b011d2
477131300,2024-12-28 13:46:38+01:00,33.72937,-118.20551,0.1,199.7,81.0,314,Long Beach Harbor Anchorage B,23a8d1b1d4a6af07df66fc30a8bfe9d4d13eda25df25a64eda429ca168e127a6
477131300,2024-12-28 13:52:38+01:00,33.72929,-118.20556,0.1,178.4,78.0,314,Long Beach Harbor Anchorage B,c4ac3929003340d73076d141977fbb8b0bb28748fe765c23f880469db8119d4a
477131300,2024-12-28 13:58:38+01:00,33.72925,-118.20554,0.1,206.9,74.0,314,Long Beach Harbor Anchorage B,c38f10b09428b65a940ade70c96cec118b27766eb39d54199a5f833127d5a012
477131300,2024-12-28 14:01:38+01:00,33.72922,-118.20556,0.1,196.9,73.0,314,Long Beach Harbor Anchorage B,d89bc1e4a7ea2a52506e7c08076194ab9276a0a727b0b83e23292d4f61a2bfcd
477131300,2024-12-28 14:04:38+01:00,33.7292,-118.20556,0.1,187.2,72.0,314,Long Beach Harbor Anchorage B,1c25d03ba46400f585c922261bd8b8688d7baa28a7aa68625e8bee2448b15da4
477131300,2024-12-28 14:07:38+01:00,33.72916,-118.20555,0.1,163.3,72.0,314,Long Beach Harbor Anchorage B,41d0b6b7ae5faaf0c6e58d6f18616b765c5d2b277fad6b4ce415f74bbed09756
477131300,2024-12-28 14:10:38+01:00,33.72914,-118.20553,0.1,167.6,71.0,314,Long Beach Harbor Anchorage B,5725f37233c56f65a20019bf0d6ab161832e3b0320915deb57612270fad273c2
477131300,2024-12-28 14:13:38+01:00,33.72913,-118.20549,0.1,148.9,71.0,314,Long Beach Harbor Anchorage B,a2b22c3a0ab159982020590b53c38f98c28dbc7540861c4ba967757ea613111d
477131300,2024-12-28 14:16:38+01:00,33.7291,-118.20545,0.1,152.0,69.0,314,Long Beach Harbor Anchorage B,bece057d3a1b40d7ed5fa2083a46e2ceff41901f8926a86c5231de27bc4edf43
477131300,2024-12-28 14:22:38+01:00,33.72901,-118.20543,0.1,197.6,65.0,314,Long Beach Harbor Anchorage B,65b9fadade097265af8b069331b3e063b71efcbf315dfcfe250da055589c1cc6
477131300,2024-12-28 14:25:38+01:00,33.72897,-118.20541,0.1,195.9,64.0,314,Long Beach Harbor Anchorage B,474182ea8f43e2d84ed2fe0eb9ebba76ef5ead54962052970d4cf8e81e533b56
477131300,2024-12-28 14:28:38+01:00,33.72895,-118.20544,0.1,218.2,63.0,314,Long Beach Harbor Anchorage B,fb998f7d91e7ffd4c18d7933e69ca6057e61d9024b24a69a555b25f5704a6464
477131300,2024-12-28 14:31:38+01:00,33.72894,-118.20547,0.0,209.7,64.0,314,Long Beach Harbor Anchorage B,e452f14b6cbc90059c6f6da96557770afffe7ea4d5331b83831fb2fd490c31b7
477131300,2024-12-28 14:34:38+01:00,33.72895,-118.20551,0.0,229.5,65.0,314,Long Beach Harbor Anchorage B,bd0a81b0770a3b0c625e40505b3ab99223735246c56a16cf0c219a5b6b6b588d
477131300,2024-12-28 14:37:38+01:00,33.72898,-118.20554,0.0,258.3,67.0,314,Long Beach Harbor Anchorage B,9dd4ecfc9b8ef68b4ec6a1d834423373774eb2cf138b19d3d534f0c50755ae9a
477131300,2024-12-28 14:40:38+01:00,33.72899,-118.20555,0.0,158.1,68.0,314,Long Beach Harbor Anchorage B,ba363d9062a4386fc65ffcac6113d91a7fba3859346a139cc8742b3c2a5f12a9
477131300,2024-12-28 14:43:38+01:00,33.72901,-118.20553,0.1,152.9,68.0,314,Long Beach Harbor Anchorage B,8ccf0b338dbecd743abb6bc4c3ecb09980d1108210db4244aeafb773df9a4301
477131300,2024-12-28 14:46:38+01:00,33.72896,-118.20552,0.0,147.4,68.0,314,Long Beach Harbor Anchorage B,8d037a8b5e20a8dea6cf2bc27d12f17c18feae1459016781476a1d718ef49c99
477131300,2024-12-28 14:49:38+01:00,33.72901,-118.20551,0.0,134.7,67.0,314,Long Beach Harbor Anchorage B,c46d11b59619afb0e2af0e0c9b2a6e33ed901a2c9e3dbf037de8f085b19bc57f
477131300,2024-12-28 14:52:38+01:00,33.72902,-118.20551,0.0,109.1,66.0,314,Long Beach Harbor Anchorage B,23f4f55c36d8871fd34686bc184f5abddb73d36d82394e91ba4075d1a4207c1f
477131300,2024-12-28 14:55:38+01:00,33.72903,-118.2055,0.0,109.1,66.0,314,Long Beach Harbor Anchorage B,9e8af86dee14278024e92870edb3f9539ee7b56e6b8e9d55d7e8cebeff578946
477131300,2024-12-28 14:58:38+01:00,33.72904,-118.20552,0.0,335.9,67.0,314,Long Beach Harbor Anchorage B,18dac38b641cd7ff99fcfd547ab4d5f27fd2c6d46153f1c9a7835336579dfb3b
477131300,2024-12-28 15:01:38+01:00,33.7291,-118.20556,0.0,317.5,69.0,314,Long Beach Harbor Anchorage B,50849d66e616c63cd9a311d948104aba7c02991a5b1112af26ca478fdf1439ae
477131300,2024-12-28 15:04:38+01:00,33.72913,-118.20556,0.0,317.5,71.0,314,Long Beach Harbor Anchorage B,57bfff4fadbc7f1802ca80a80e71bd4ab7bec4700ba1fcac91eb07654a54389a
477131300,2024-12-28 15:07:38+01:00,33.72916,-118.20558,0.0,202.1,74.0,314,Long Beach Harbor Anchorage B,7077bde8ea489926cf030cd9a8326a60ee877ba16091bdc1719bba63947c5616
477131300,2024-12-28 15:10:38+01:00,33.72919,-118.20559,0.0,202.1,76.0,314,Long Beach Harbor Anchorage B,71916bed1db60af33456deea53a54c8b0f18aea120415dbd213a241bd037eef1
477131300,2024-12-28 15:13:38+01:00,33.72921,-118.20561,0.0,202.1,76.0,314,Long Beach Harbor Anchorage B,1ac48cbbf798288164386a04560ccdc89b920a4a45656e39c7e5ccad8545c269
477131300,2024-12-28 15:16:38+01:00,33.72922,-118.20565,0.0,208.3,77.0,314,Long Beach Harbor Anchorage B,0c88e933e25160d5db443eaf1591d472b9ac831e4f604afd1535d7e9352c0b72
477131300,2024-12-28 15:19:38+01:00,33.72923,-118.20565,0.1,119.5,76.0,314,Long Beach Harbor Anchorage B,5487676df39a1c6a3be57817ef1baaa1d9c6e6a7c78e182cbafdf9069abc5a05
477131300,2024-12-28 15:22:38+01:00,33.72923,-118.20561,0.1,136.1,76.0,314,Long Beach Harbor Anchorage B,2e9880f06f2954078605e4aef7953ed7d39cdef1f17ebbd9e151ee2143181b44
477131300,2024-12-28 15:25:38+01:00,33.72917,-118.20559,0.1,160.6,75.0,314,Long Beach Harbor Anchorage B,b2711dd3e7272bba9d5e799e5cbe3cc14dd2d73e228c305acedcfd35ea484867
477131300,2024-12-28 15:28:38+01:00,33.72917,-118.20559,0.1,134.2,74.0,314,Long Beach Harbor Anchorage B,6a8b2f2e85e42acb1cf9ea24feae656ad280f7b963a3f529680829821e94fa11
477131300,2024-12-28 15:31:38+01:00,33.72918,-118.20558,0.0,165.7,73.0,314,Long Beach Harbor Anchorage B,5617d9d5cc24a3d93d684c5291e9f10d47f9942b14b0ab2febd6385f6e973b37
477131300,2024-12-28 15:34:38+01:00,33.72917,-118.20558,0.1,166.9,73.0,314,Long Beach Harbor Anchorage B,8796d2cf0a3280da32d85a3552bc1df9480f5a86eb8fac342a11a0471f2ffdb8
477131300,2024-12-28 15:37:38+01:00,33.72915,-118.20557,0.0,167.5,72.0,314,Long Beach Harbor Anchorage B,8d2e4ea7bee38bffebcc7b287e8e267e14e800ecb43e742244df3df3c2fd627c
477131300,2024-12-28 15:40:38+01:00,33.72916,-118.20558,0.0,154.4,72.0,314,Long Beach Harbor Anchorage B,c910c6e0ce46469d6043ee38a6950095e82ee2fc4f036375b684b7c715737bc9
477131300,2024-12-28 15:46:38+01:00,33.72916,-118.20559,0.1,87.6,73.0,314,Long Beach Harbor Anchorage B,35a2b634d0edf0791bb5838df6b7ee9b77b57191c91dc8d9b373d88bcd87c170
477131300,2024-12-28 15:49:38+01:00,33.72917,-118.20556,0.0,133.6,73.0,314,Long Beach Harbor Anchorage B,bbab0078fc5268b87c448120e39a94f787af3cd6e2ddf4d0cff6852b01566650
477131300,2024-12-28 15:52:38+01:00,33.72919,-118.20553,0.1,130.4,72.0,314,Long Beach Harbor Anchorage B,2eb3c4fa7e801fc41694d347acecdeef3662f7f65edd36e9b42ebcf6711d2043
477131300,2024-12-28 15:58:38+01:00,33.72921,-118.20552,0.1,148.6,72.0,314,Long Beach Harbor Anchorage B,b295f4c4fa00e89afa315de2648d343e4e2036723a3b6b14ea6379f9868316dd
477131300,2024-12-28 16:01:38+01:00,33.72922,-118.20551,0.0,110.4,72.0,314,Long Beach Harbor Anchorage B,8d4e99123f7cc58e4af3feb6e430f6d92143e8895baff261201dd5b87666909d
477131300,2024-12-28 16:04:38+01:00,33.72924,-118.20553,0.0,103.7,73.0,314,Long Beach Harbor Anchorage B,1d797dbcaf8e2708d79aeceb519f21f7d472b9a1c9139d9616aa2bd8c8463e88
477131300,2024-12-28 16:07:38+01:00,33.7292,-118.20553,0.1,176.3,74.0,314,Long Beach Harbor Anchorage B,37ac13805fe1824e344e7a0591ab8c6fec7b8107aab4adcec5bed313bcc08891
477131300,2024-12-28 16:10:38+01:00,33.72923,-118.20553,0.0,154.4,74.0,314,Long Beach Harbor Anchorage B,df626b6196cd10e649a996f386e7e8490b5d682b529f2fcfb92d892d0db9dc53
477131300,2024-12-28 16:13:38+01:00,33.72923,-118.20555,0.1,171.9,74.0,314,Long Beach Harbor Anchorage B,32b64c5a7a7be4381f9f141f5f0d2fd19e516746fcbbc7e0353008aeebfb4ec2
477131300,2024-12-28 16:16:38+01:00,33.72922,-118.20557,0.1,153.1,74.0,314,Long Beach Harbor Anchorage B,bfd1ca98d79c2897a92d324dc418f700f8670821fa7aaa2213401741013f8d60
477131300,2024-12-28 16:19:38+01:00,33.72922,-118.20558,0.1,132.8,74.0,314,Long Beach Harbor Anchorage B,8e0caef7b9e0aa101abf7523417bf971933d74e43283cdaed571a62b0ade0966
477131300,2024-12-28 16:22:38+01:00,33.72922,-118.20557,0.1,151.0,74.0,314,Long Beach Harbor Anchorage B,b44e62973b9882cacac29a1be862fe6d91460cbe52df64ed6de56566fa3bdbb4
477131300,2024-12-28 16:25:38+01:00,33.72924,-118.20557,0.0,146.7,74.0,314,Long Beach Harbor Anchorage B,d4540996b373d9d96b6f6e22256150e9ba63f43bae7f114dc8c8e0a3d3b4a522
477131300,2024-12-28 16:28:38+01:00,33.72926,-118.20554,0.0,113.2,74.0,314,Long Beach Harbor Anchorage B,185ad452f629b93bc77774c6059abb141c9dd76621921103534e5842b5a44416
477131300,2024-12-28 16:31:38+01:00,33.72923,-118.20554,0.1,133.5,75.0,314,Long Beach Harbor Anchorage B,cb7c0d3cdc7d58d570cdc3702a465a8fbef87a222d47d92fe45ca2ad1d8f2fa3
477131300,2024-12-28 16:34:38+01:00,33.72922,-118.20554,0.1,150.9,74.0,314,Long Beach Harbor Anchorage B,72eb6222f4ef4d37a179a11d0ab30b417a07fb060e1a46e1f5b2e8f41d1c722c
477131300,2024-12-28 16:37:38+01:00,33.72919,-118.20554,0.1,144.4,73.0,314,Long Beach Harbor Anchorage B,0196195cf5e8b1b2d3ab51a0f94c350ffc6e95b8a0044962d7fbe103be7959c8
477131300,2024-12-28 16:40:38+01:00,33.72915,-118.20552,0.1,144.4,72.0,314,Long Beach Harbor Anchorage B,9cb84e48df3914b0f35e0fa0a1b12c2046bd62a5e7d63202f3a794f31b52d576
477131300,2024-12-28 16:43:38+01:00,33.72915,-118.20549,0.1,126.2,71.0,314,Long Beach Harbor Anchorage B,3ccf9a8a4b39f52c116e68a744db82188805ce46952e727dba63150bc4fbbfba
477131300,2024-12-28 16:49:38+01:00,33.72913,-118.20548,0.1,128.4,69.0,314,Long Beach Harbor Anchorage B,9bea954c63ea5f606e8609e89df71f459f17645ae8a1c302826c72fc322bf0d7
477131300,2024-12-28 16:52:38+01:00,33.72915,-118.20546,0.1,143.3,69.0,314,Long Beach Harbor Anchorage B,1472048bfb36a81b58c5022d294cf41dc453eb97246686d46ef24b673621e235
477131300,2024-12-28 16:55:38+01:00,33.7291,-118.20547,0.1,137.8,69.0,314,Long Beach Harbor Anchorage B,628481abf20837d3e9ea22d87f216b5c712d2e90473d6ba81fbfd41023c699e5
477131300,2024-12-28 16:58:38+01:00,33.72909,-118.20544,0.1,160.3,68.0,314,Long Beach Harbor Anchorage B,d9ffae45e9c46a83960a4d9d7bb04826d9874b192a33a238921ed61c7933bf27
477131300,2024-12-28 17:01:38+01:00,33.72906,-118.20544,0.1,147.7,68.0,314,Long Beach Harbor Anchorage B,d9f5cb4dc62606138a9d9969ab4ca8345ed8942d836c5052f382741b8a9ea9a7
477131300,2024-12-28 17:04:38+01:00,33.72905,-118.20544,0.1,161.1,67.0,314,Long Beach Harbor Anchorage B,a18ac336be1297fbb9d94de67285fdd173b8c1adb8e9d3706c9ab698a6075d85
477131300,2024-12-28 17:07:38+01:00,33.72906,-118.20547,0.1,153.3,67.0,314,Long Beach Harbor Anchorage B,908921a5b47b59d30e3be9fabefc2a5d6446db4e97f03e4d95cb0873b3abdab1
477131300,2024-12-28 17:10:38+01:00,33.72904,-118.2055,0.1,181.0,68.0,314,Long Beach Harbor Anchorage B,34e4fc1f3bb25a91e317ef266ef9458b934b48976792e8f376a3294389b5e519
477131300,2024-12-28 17:13:38+01:00,33.72907,-118.20554,0.1,179.6,68.0,314,Long Beach Harbor Anchorage B,f3a234e40601e1d701346c11d92de4a95bf8108aebcc15b7fb52b69df9ced627
477131300,2024-12-28 17:16:38+01:00,33.72911,-118.20558,0.0,222.4,70.0,314,Long Beach Harbor Anchorage B,07e851b6eb1f8427c9ef1a672982b30449f6ca77eb1de55022394845326b4ff4
477131300,2024-12-28 17:19:38+01:00,33.72912,-118.20562,0.0,186.4,72.0,314,Long Beach Harbor Anchorage B,aa87ce2a659b8d26d5831eb47be99c8995b07e22e5c90a04f25ecd2c0b265a7e
477131300,2024-12-28 17:22:38+01:00,33.72911,-118.20562,0.1,139.2,73.0,314,Long Beach Harbor Anchorage B,701892bd4feed4f30278a4913ea3584fff98b9b0411359ccf5f25add3a730dfd
477131300,2024-12-28 17:25:38+01:00,33.72913,-118.20562,0.1,155.1,74.0,314,Long Beach Harbor Anchorage B,7ba3ea0eedb69e52efb643ff832a651a705bb33c0b11ba98d2d59e31f80387e7
477131300,2024-12-28 17:28:38+01:00,33.72911,-118.2056,0.1,114.3,74.0,314,Long Beach Harbor Anchorage B,dc278dda071d8ebfe1e472f72f424e37afc629f76739a99061b375eb4362ec46
477131300,2024-12-28 17:31:38+01:00,33.72911,-118.20557,0.1,122.4,73.0,314,Long Beach Harbor Anchorage B,8e8a3089e14cae260fcc668d8e0293fce499daa5b44c5ed15aa89ddeab3092a1
477131300,2024-12-28 17:34:38+01:00,33.72911,-118.20553,0.1,154.5,72.0,314,Long Beach Harbor Anchorage B,0af070f627208e30ad66abcc2be378564b30bfc6005754e33312dfaa675c0c5b
477131300,2024-12-28 17:37:38+01:00,33.72908,-118.20551,0.1,158.0,71.0,314,Long Beach Harbor Anchorage B,bf6d7d9297c5caef2a7a5068cb15fbd1ca4412b581f0371a0befc2131441e758
477131300,2024-12-28 17:40:38+01:00,33.72904,-118.20549,0.1,145.6,70.0,314,Long Beach Harbor Anchorage B,d1ac9e4ff0c099a8d76eadd5fcdddae3a456459169d342e455196f93a2596739
477131300,2024-12-28 17:43:38+01:00,33.72903,-118.20546,0.1,149.4,69.0,314,Long Beach Harbor Anchorage B,1ee899188e1ea11a9aa3bb4e957c7b5c72499f74f83c6a9d2817173735a660f9
477131300,2024-12-28 17:46:38+01:00,33.72901,-118.20548,0.1,158.8,68.0,314,Long Beach Harbor Anchorage B,e5255e8c698d43f340b50e27373b35339ae38836d72441bad04c98f5138dcc5f
477131300,2024-12-28 17:49:38+01:00,33.72898,-118.20549,0.0,192.3,67.0,314,Long Beach Harbor Anchorage B,6b137c5be3ca05f8bad653dfa6ca30f808774f6b8aeadc9764ddbbeae6cc14e7
477131300,2024-12-28 17:52:38+01:00,33.72896,-118.2055,0.0,154.7,66.0,314,Long Beach Harbor Anchorage B,4a9f03f5ab73ce7239af72b81cc4ad908c00e9963035e54a7900e81894881cff
477131300,2024-12-28 17:55:38+01:00,33.72895,-118.20552,0.0,163.9,66.0,314,Long Beach Harbor Anchorage B,083c504fc41f65a08e4794f0dd13c8fa63624485ebbd54aa68eaab8801119fdb
477131300,2024-12-28 17:58:38+01:00,33.72894,-118.20553,0.0,84.2,66.0,314,Long Beach Harbor Anchorage B,ef106c2432aea85a0f86e078f7d4fe0b8c10366686da046d7deb9fa4e384d7bf
477131300,2024-12-28 18:01:38+01:00,33.72895,-118.20553,0.1,66.1,66.0,314,Long Beach Harbor Anchorage B,2aeb8b3c33f33a12337b747e2be18863acf81d74ec2e5328631af2a170fe3fa2
477131300,2024-12-28 18:04:38+01:00,33.72899,-118.20552,0.1,46.1,67.0,314,Long Beach Harbor Anchorage B,d0036e089fd1ed9f242a9de9f3e906246f6201e4c3b0a0fa657fc120c65c76da
477131300,2024-12-28 18:07:38+01:00,33.729,-118.20551,0.1,55.2,67.0,314,Long Beach Harbor Anchorage B,892b7a503a9d59ff5f431e0aba3833d43fbf3fe74329570facc9ff7ba9eb58a7
477131300,2024-12-28 18:10:38+01:00,33.72905,-118.2055,0.1,33.7,67.0,314,Long Beach Harbor Anchorage B,19df864c0185cf447f8f572f7d98a59f0cb780c9ecba8765102f23f836256bf4
477131300,2024-12-28 18:13:38+01:00,33.7291,-118.20549,0.1,21.6,68.0,314,Long Beach Harbor Anchorage B,b7cb0447a73908f27a705e92a8669fa4d12e941ce2cffbac52faf2b5e8ee04bf
477131300,2024-12-28 18:16:38+01:00,33.72915,-118.2055,0.1,6.8,69.0,314,Long Beach Harbor Anchorage B,d340e5baf5c02fa7f5828e3eff27a899e2a651b86da9f739c15028978f20cd15
477131300,2024-12-28 18:19:38+01:00,33.72923,-118.20554,0.1,14.5,72.0,314,Long Beach Harbor Anchorage B,8a9be5ae3f01b4b01dcf92be19badbddf97fcdeb2e944e804606c674f9756d51
477131300,2024-12-28 18:22:38+01:00,33.72923,-118.20553,0.1,2.4,75.0,314,Long Beach Harbor Anchorage B,40b714f1cf31db276ba676125488e55382a572c0088441c3077ab2c1f2845bbb
477131300,2024-12-28 18:25:38+01:00,33.72935,-118.20557,0.1,21.5,77.0,314,Long Beach Harbor Anchorage B,d3a097d6bf69edbfe41e9788b0bef52cdba206f10ac288fac9de712382ccca84
477131300,2024-12-28 18:28:38+01:00,33.72942,-118.20558,0.1,22.3,80.0,314,Long Beach Harbor Anchorage B,c20d89c2efb659cfc0a91fa74d63721931d2a30151550ace9c3c935caab9418b
477131300,2024-12-28 18:31:38+01:00,33.72947,-118.20557,0.1,17.7,82.0,314,Long Beach Harbor Anchorage B,71362ef8e7022271b899d86ebee86e0b934332f6aa542551c7dceebfe9a97e18
477131300,2024-12-28 18:34:38+01:00,33.72947,-118.20558,0.1,22.2,84.0,314,Long Beach Harbor Anchorage B,efa859bf5d12488ac629713ab027e92272509dfbebea6b325998c1d05cc963e4
477131300,2024-12-28 18:37:38+01:00,33.72955,-118.20553,0.1,31.0,85.0,314,Long Beach Harbor Anchorage B,e732e8b6e387d18e2c95442872841b98c141071d0be2ad6aa8d07f4d45272684
477131300,2024-12-28 18:46:38+01:00,33.72964,-118.2055,0.1,36.6,89.0,314,Long Beach Harbor Anchorage B,4f7c6a7850a3e4ccc22873667da570424f192d0f9cea463fd5310989d6849e7a
477131300,2024-12-28 18:52:38+01:00,33.72968,-118.20554,0.0,4.8,91.0,314,Long Beach Harbor Anchorage B,5d9e54d10958deee386edbf55e0e52861319a94d14e303564e43322a22f70c8c
477131300,2024-12-28 18:55:38+01:00,33.72972,-118.20558,0.1,330.5,92.0,314,Long Beach Harbor Anchorage B,efeecad81818d5f480422d5471bdc7580d061c0fcdf545fa9e177c725129db4f
477131300,2024-12-28 18:58:38+01:00,33.72977,-118.2056,0.1,2.5,94.0,314,Long Beach Harbor Anchorage B,f125906c458144d1bcefcc8e9d92546ee33bdfeb901a89b67a147f4543a1819c
477131300,2024-12-28 19:01:38+01:00,33.72982,-118.20565,0.1,0.0,96.0,314,Long Beach Harbor Anchorage B,09bb6beeeacaa81d7b24b31158fb0ea7c585e6338e0f34747e0100b0fc0acaec
477131300,2024-12-28 19:04:38+01:00,33.7299,-118.20565,0.1,26.6,98.0,314,Long Beach Harbor Anchorage B,3fed5d9d6efefd4a49fb818af1c9289e91e5390650b0d49032403b1527482e68
477131300,2024-12-28 19:07:38+01:00,33.72993,-118.20566,0.1,36.7,101.0,314,Long Beach Harbor Anchorage B,721687279771f9bed0082ef2092eb24f2b6c1b444bf3bb8756b747c20218f369
477131300,2024-12-28 19:10:38+01:00,33.72997,-118.20564,0.2,35.0,103.0,314,Long Beach Harbor Anchorage B,c11ff100e8ebd5097369b347874009be655f359251895901ebb275ae7e542ab8
477131300,2024-12-28 19:13:38+01:00,33.73,-118.20558,0.1,44.8,106.0,314,Long Beach Harbor Anchorage B,d9f6a60455028d2d9afb3578b9d2cd003b483e549d0bb9be5a25dbafd0f39b49
477131300,2024-12-28 19:16:38+01:00,33.73008,-118.20549,0.2,57.4,108.0,314,Long Beach Harbor Anchorage B,bbb90a4f4fedfc4e7ddbf261236759cb7d3ed301af4cff0457cd2616069a6910
477131300,2024-12-28 19:19:38+01:00,33.73012,-118.20543,0.1,54.5,110.0,314,Long Beach Harbor Anchorage B,857daa7752a037b85fbc14d62d17bff6f43ec6c05cf2be1b2e916f88e76a3010
477131300,2024-12-28 19:22:38+01:00,33.73015,-118.20536,0.1,61.2,111.0,314,Long Beach Harbor Anchorage B,3212c4f36b31c8609f18b1ed19f9a232b37b537e3685b6ec4959ca66cc140644
477131300,2024-12-28 19:25:38+01:00,33.7302,-118.2053,0.1,52.3,113.0,314,Long Beach Harbor Anchorage B,0f4858aa1bd4d9955ee80f1fa1600d5a600d6790b31625f933132fa27f3ea222
477131300,2024-12-28 19:28:38+01:00,33.73022,-118.20526,0.2,43.0,115.0,314,Long Beach Harbor Anchorage B,e75c6fa553b4475dca9bc81c063e90bae9ae3272f608614a546fbd03ddc4a7e4
477131300,2024-12-28 19:31:38+01:00,33.73031,-118.20519,0.1,43.2,118.0,314,Long Beach Harbor Anchorage B,c64ea3d77a124a65c688f2c043bf0b89d723f35b6d686f39bb44c1a06e774676
477131300,2024-12-28 19:34:38+01:00,33.73039,-118.20519,0.1,20.0,120.0,314,Long Beach Harbor Anchorage B,fca00941a25c4fe92c703a6c96b2355087007184a77afccc469d52005f485d78
477131300,2024-12-28 19:43:38+01:00,33.73059,-118.20514,0.1,35.6,128.0,314,Long Beach Harbor Anchorage B,578799f2072a88d8c0f25533675c5e852dcaa701e5f1c1d38977662296789068
477131300,2024-12-28 19:46:38+01:00,33.73067,-118.20512,0.1,40.6,130.0,314,Long Beach Harbor Anchorage B,f9972239508806e514f91da63f78504d18f43597208031f57098c15369cb189c
477131300,2024-12-28 19:49:38+01:00,33.73074,-118.20506,0.1,64.4,133.0,314,Long Beach Harbor Anchorage B,1622ec13958b98efffae9303a6033037f6cba54d3b53235cc672c49996fc935c
477131300,2024-12-28 19:52:38+01:00,33.73082,-118.205,0.2,61.8,136.0,314,Long Beach Harbor Anchorage B,998ab3e6c9c09362d9f2dc92aa0ae934faa970e13bef59ba07643bf898233292
477131300,2024-12-28 19:55:38+01:00,33.7309,-118.2049,0.2,62.8,140.0,314,Long Beach Harbor Anchorage B,5d6bb3fdf531ac6d7c72506fb0c323600a0b1dacec1f20c17b9a22b75c4a7956
477131300,2024-12-28 19:58:38+01:00,33.73096,-118.20478,0.2,67.7,144.0,314,Long Beach Harbor Anchorage B,04f7c0adebeb6d9488add15276fef1e19fddc85d041bdf42dd15ebf173abac0c
477131300,2024-12-28 20:01:38+01:00,33.73101,-118.20464,0.2,77.4,149.0,314,Long Beach Harbor Anchorage B,319d42603fdf311ec05ff1f8ed4cc04c72ec041b2d4af7c5f3d9f2c3581a020c
477131300,2024-12-28 20:04:38+01:00,33.73107,-118.20448,0.2,74.5,154.0,314,Long Beach Harbor Anchorage B,78051add325de197450ae94e1e505007f7521c1fac79857c681563e912dbdadc
477131300,2024-12-28 20:07:38+01:00,33.73112,-118.20431,0.3,75.7,159.0,314,Long Beach Harbor Anchorage B,7dfa0771b31dfd2baced3f191b71614e895d329a47fe828892b1d73ce235a981
477131300,2024-12-28 20:10:38+01:00,33.73116,-118.20415,0.2,72.1,164.0,314,Long Beach Harbor Anchorage B,c49acbb8110985c359c7390613bfb0e4622ae3f34cd73fee2f6e5d8c668aeffd
477131300,2024-12-28 20:13:38+01:00,33.73119,-118.20394,0.2,76.2,171.0,314,Long Beach Harbor Anchorage B,267bcc05075989bb367a0f3cdccf4acce05d98dc0a388711fc0394a65f70746c
477131300,2024-12-28 20:16:38+01:00,33.73122,-118.20373,0.2,84.7,177.0,314,Long Beach Harbor Anchorage B,c7bb7b9e2b582f89e38d9f7d9b733bdf32e203c6d433ed12b30136a542e9a85a
477131300,2024-12-28 20:19:38+01:00,33.73123,-118.20353,0.2,87.0,184.0,314,Long Beach Harbor Anchorage B,0e3aa5b21fb77228d64504818fbdc79155e1c4e7caa088bfe849c1ac39a6c7a4
477131300,2024-12-28 20:22:38+01:00,33.73122,-118.20335,0.2,92.5,190.0,314,Long Beach Harbor Anchorage B,70d1d5521e465ccd54561932251b650cc06303fc04768b4862a6ed2add56264f
477131300,2024-12-28 20:25:38+01:00,33.73122,-118.20318,0.2,104.4,196.0,314,Long Beach Harbor Anchorage B,ad5b11c3bd66b8de20ba51fe8ebc13e73bfc72508bc8bed4105d075db6911b33
477131300,2024-12-28 20:28:38+01:00,33.73118,-118.20301,0.2,115.7,201.0,314,Long Beach Harbor Anchorage B,b8860adb79c721f89fc59a9f1b15af75281d2b109731a817dff2e8cbebf290cd
477131300,2024-12-28 20:31:38+01:00,33.73114,-118.20285,0.2,109.5,206.0,314,Long Beach Harbor Anchorage B,482b7bf1af1286ec4ea8f964d0d26b4bd6f24115c764b638e9cd3ad1c422203c
477131300,2024-12-28 20:34:38+01:00,33.7311,-118.20273,0.1,108.7,210.0,314,Long Beach Harbor Anchorage B,d33ecb898f3bb10a46e70ac563130471d97438e7a8f99b9190b0c89ef0c9423c
477131300,2024-12-28 20:37:38+01:00,33.73101,-118.20259,0.2,122.7,214.0,314,Long Beach Harbor Anchorage B,2d8952c9c43fcf8cba8aa23bac5f30aef5dc55d89a6eb58a14af9ef4893e8797
477131300,2024-12-28 20:46:38+01:00,33.73078,-118.20228,0.1,131.9,226.0,314,Long Beach Harbor Anchorage B,00cc2c1f151fd4ea65268b2e5d3ddbfcdc8ff59e8574cc981d07e439b425bcf2
477131300,2024-12-28 20:49:38+01:00,33.73071,-118.20218,0.1,128.2,230.0,314,Long Beach Harbor Anchorage B,c9d7665f7894c8367868a5cff841b8f469a06ae00749561d5994a85224d431ca
477131300,2024-12-28 20:52:38+01:00,33.73066,-118.20213,0.1,133.7,234.0,314,Long Beach Harbor Anchorage B,aab87f04500efa6f07dfdf1354f5fad15d0c44e03013944dcae14c06671d1092
477131300,2024-12-28 20:58:38+01:00,33.73049,-118.20196,0.1,125.8,241.0,314,Long Beach Harbor Anchorage B,ee7aba183583e786306a0e5dfa212080335a2ad9660a2f8469044d30f3bac78d
477131300,2024-12-28 21:01:38+01:00,33.73041,-118.20189,0.1,143.4,245.0,314,Long Beach Harbor Anchorage B,0b45556cf0c17f019796f6b4dce22a93773423502c7a805be8f3cdcc965de710
477131300,2024-12-28 21:04:38+01:00,33.73033,-118.20185,0.0,200.7,247.0,314,Long Beach Harbor Anchorage B,c1de9776ad47a95c75b6e6b7ed1911ca53553813ef2e01e26977b5e1cb002136
477131300,2024-12-28 21:07:38+01:00,33.73027,-118.20185,0.1,160.9,249.0,314,Long Beach Harbor Anchorage B,c41c657493a09455fb08448e12e805601a68c2caf2f8d214560e55b979508215
477131300,2024-12-28 21:10:38+01:00,33.73023,-118.20186,0.0,168.2,250.0,314,Long Beach Harbor Anchorage B,fd2d19d6007fa4aade295f7ec90446ea27ddcd0d72dd91313db37fdbeb5e5661
477131300,2024-12-28 21:13:38+01:00,33.73018,-118.20187,0.0,166.8,250.0,314,Long Beach Harbor Anchorage B,2d4a6c15b7832dad5ce977bf929b6828ad32b901fe15a5177c5ae5b4c92d90ec
477131300,2024-12-28 21:16:38+01:00,33.73017,-118.20185,0.0,166.8,251.0,314,Long Beach Harbor Anchorage B,d86f49b8db0853a55b24b3cd1265edd992439e7eea8b0b5551009a06656ac5b8
477131300,2024-12-28 21:19:38+01:00,33.73012,-118.20186,0.0,298.1,252.0,314,Long Beach Harbor Anchorage B,c3d29c7d39878f576c096b8da0f29d322a31a2dfca79c0879fa87e676c5c2df0
477131300,2024-12-28 21:22:38+01:00,33.7301,-118.20186,0.0,136.5,253.0,314,Long Beach Harbor Anchorage B,a4e8983c4eb1cb9df66d11888fbcff782aeb79a8593da475b235b1424ec92f2d
477131300,2024-12-28 21:25:38+01:00,33.73008,-118.20183,0.0,127.3,254.0,314,Long Beach Harbor Anchorage B,e332d2b48e886029a803cbbe98c5b25b561ea6e1f79875deaf972a2f0f6256d9
477131300,2024-12-28 21:31:38+01:00,33.73007,-118.20176,0.1,85.3,258.0,314,Long Beach Harbor Anchorage B,6576acf5fdb4a0506c00b8a65caeb00d366069dfc94974f35c96716c23abe273
477131300,2024-12-28 21:40:38+01:00,33.73004,-118.20149,0.1,109.4,266.0,314,Long Beach Harbor Anchorage B,bfa63d460b9a6c8e79d16e7de7f9d77015d695a8cd3edeb38bd98b82d9099e85
477131300,2024-12-28 21:43:38+01:00,33.72998,-118.20142,0.0,114.3,266.0,314,Long Beach Harbor Anchorage B,ba960dc53f109f8073c3c0d3aa019c03a802bf89383a63660767dda1200af1b9
477131300,2024-12-28 21:46:38+01:00,33.73,-118.20144,0.1,270.3,262.0,314,Long Beach Harbor Anchorage B,d4b9c0cd3a17bc62238807c35416077cb010ece605fa1e12394c8703284b086b
477131300,2024-12-28 21:49:38+01:00,33.72998,-118.20152,0.1,220.8,260.0,314,Long Beach Harbor Anchorage B,2f33b052a304a347dcac791b779fb93aebb33c20230b1a23b4962564de985971
477131300,2024-12-28 21:52:38+01:00,33.72992,-118.20156,0.1,225.6,260.0,314,Long Beach Harbor Anchorage B,8ebdb0e46d5a16d337e2d7bc17d6f7c03823dc6c6f7a725e3dee85a2fa1e0307
477131300,2024-12-28 21:55:38+01:00,33.7299,-118.20162,0.1,244.7,261.0,314,Long Beach Harbor Anchorage B,2092f0b0dfcf4604391d1926d04aa5552447bfaf9d4a6116f334a78abcc2ff29
477131300,2024-12-28 21:58:38+01:00,33.72986,-118.2017,0.1,251.1,262.0,314,Long Beach Harbor Anchorage B,ac03d73ebdbdfd2646c74f66718f46072c561597fcc5022e5d34d54d62a9dee8
477131300,2024-12-28 22:01:38+01:00,33.72982,-118.20177,0.1,250.8,264.0,314,Long Beach Harbor Anchorage B,86ac6d8ba5b282d229c090153e70e6daa1617e24d2a8bac434eef99aed60ceb7
477131300,2024-12-28 22:04:38+01:00,33.72984,-118.20176,0.0,241.0,265.0,314,Long Beach Harbor Anchorage B,e57c8d62534d94129192914ab174a6eb39b4829b97c28415d7115caa0864a7e5
477131300,2024-12-28 22:07:38+01:00,33.72986,-118.2018,0.1,350.0,266.0,314,Long Beach Harbor Anchorage B,a0e87eecd7ae3bbc92713d5fc0e5e2c32b25babd591ad99c3ddbb23b9667818c
477131300,2024-12-28 22:10:38+01:00,33.72988,-118.2018,0.0,342.6,265.0,314,Long Beach Harbor Anchorage B,48742fd53cd9637f6c47bd893e3c7724b21b0ef4b9a91d776ad5baf58603fc13
477131300,2024-12-28 22:13:38+01:00,33.72992,-118.20178,0.1,36.5,264.0,314,Long Beach Harbor Anchorage B,c84470fd60501497191bb9f72364a3cec2f70e55353682a28d5c900d3e84d1c3
477131300,2024-12-28 22:19:38+01:00,33.73,-118.20165,0.1,42.3,261.0,314,Long Beach Harbor Anchorage B,7295f616b620468c51db3fb678993ea9d80061b7a144dcb06f4fca54fe302b34
477131300,2024-12-28 22:25:38+01:00,33.73012,-118.20146,0.1,42.0,258.0,314,Long Beach Harbor Anchorage B,17d01617f8f74abda53e2dd43f07dacf8847f065da3dd628406cc43d6f9eca77
477131300,2024-12-28 22:28:38+01:00,33.73015,-118.2014,0.0,338.8,258.0,314,Long Beach Harbor Anchorage B,b3e2f521e61585c914c2db28d9715f74157f61ef6503d828d7ba9fc7b03c172c
477131300,2024-12-28 22:34:38+01:00,33.73016,-118.20158,0.1,292.3,258.0,314,Long Beach Harbor Anchorage B,cf113893206e523eea5ddb4c91592b4e3a3a0f35664a0dfe62ccc35b1e26c268
477131300,2024-12-28 22:37:38+01:00,33.73017,-118.20168,0.1,308.4,257.0,314,Long Beach Harbor Anchorage B,bba1baa15a689d7606a04ed9d667bfb72bc3c50cebe585b7290afcdb094c86d4
477131300,2024-12-28 22:40:38+01:00,33.73021,-118.2017,0.1,338.8,255.0,314,Long Beach Harbor Anchorage B,ddf8a2b718276e11e62382110eacf71db28589c2b0ad3f8264bd077998d86a8e
477131300,2024-12-28 22:43:38+01:00,33.73026,-118.20171,0.1,357.5,253.0,314,Long Beach Harbor Anchorage B,a385529f97729712841375d7691e69bcf1dd3a3d7755582bfe2b496f81f1bb25
477131300,2024-12-28 22:46:38+01:00,33.7303,-118.20169,0.1,3.5,251.0,314,Long Beach Harbor Anchorage B,a1592a998ae576b7559228a39cdc0f5f8bfb788c4b517a4fb72c9f76baf0bd07
477131300,2024-12-28 22:49:38+01:00,33.73034,-118.20165,0.1,46.9,250.0,314,Long Beach Harbor Anchorage B,549309cfcd25eae9402e4530b00ef23116a69e6d1ace6a67a15463a4a24f63d4
477131300,2024-12-28 22:52:38+01:00,33.73042,-118.20158,0.1,23.4,249.0,314,Long Beach Harbor Anchorage B,380b69e02f6b9794df8869ab11d1f9f1153806ed8904638b791e551fda8b067f
477131300,2024-12-28 22:55:38+01:00,33.73044,-118.20155,0.1,270.7,249.0,314,Long Beach Harbor Anchorage B,da9698a634ae8d5f8965a727dec7d093520886ef1571eb7ed04195010ed12520
477131300,2024-12-28 22:58:38+01:00,33.7304,-118.20162,0.1,236.4,250.0,314,Long Beach Harbor Anchorage B,c3bbe5d29840615a40ec8a29d2be4298211388d50a552ca624a794bc90568feb
477131300,2024-12-28 23:01:38+01:00,33.73038,-118.20165,0.0,306.7,250.0,314,Long Beach Harbor Anchorage B,e81daa30658ad52210d6deadce590cb1f6555aacbf8093c5eddefcf0d17ad056
477131300,2024-12-28 23:04:38+01:00,33.73038,-118.20166,0.0,254.2,250.0,314,Long Beach Harbor Anchorage B,9424b6e848ce3a35ca700a48b5262ad33cbde639619c95e0853a2f94a478f144
477131300,2024-12-28 23:07:38+01:00,33.73036,-118.20165,0.0,254.2,251.0,314,Long Beach Harbor Anchorage B,a540ccd13296a41a3990897d1b078c7a79883f47e479ebb75edef13be480e905
477131300,2024-12-28 23:10:38+01:00,33.73038,-118.20164,0.0,254.2,251.0,314,Long Beach Harbor Anchorage B,dfbe416a6613db3427d56aa14c7a14e5cec95d6062f54e582f4490d79bbb05d7
477131300,2024-12-28 23:13:38+01:00,33.73038,-118.2016,0.0,254.2,253.0,314,Long Beach Harbor Anchorage B,cbaa3ae93701582181c4827219ed5045f50c802af9c02f5016c3fdcd81c8abff
477131300,2024-12-28 23:16:38+01:00,33.73039,-118.20155,0.0,254.2,253.0,314,Long Beach Harbor Anchorage B,f3d0c6fa2f6d809ce02eae54bfa2cd1d85d7584b2031af3673849a1415bb6101
477131300,2024-12-28 23:19:38+01:00,33.73038,-118.20155,0.0,354.7,253.0,314,Long Beach Harbor Anchorage B,70bdd494f525a041fcc6230bd736986e28ca8064bbd4d25ee805afa1c52a11fa
477131300,2024-12-28 23:22:38+01:00,33.73037,-118.20155,0.1,249.4,252.0,314,Long Beach Harbor Anchorage B,6f8dd5dc47ffd96953d8e1fdbcc8332582b958cc7d31c42dc66d42fa6829dace
477131300,2024-12-28 23:25:38+01:00,33.73032,-118.20157,0.1,222.1,252.0,314,Long Beach Harbor Anchorage B,fb5ac83732aa3d555d6765a3bf536f6a084874e8905d0486bf47056fe9fcb828
477131300,2024-12-28 23:28:38+01:00,33.73028,-118.2016,0.1,224.5,253.0,314,Long Beach Harbor Anchorage B,f5729455e9ccacfe85016f60a0944226dd8d8dd5a1a7afb51cba989f0528456e
477131300,2024-12-28 23:31:38+01:00,33.73026,-118.20158,0.0,176.4,255.0,314,Long Beach Harbor Anchorage B,74b85f82f28e017577ea68862a5e803455b92004f2c0bfd8b65f3da0c755403f
477131300,2024-12-28 23:40:38+01:00,33.73017,-118.20147,0.1,245.8,259.0,314,Long Beach Harbor Anchorage B,cd921c42a6536a718dc38782ca1c02139afbb62dd2adeb0ffb362fe1e8e41096
477131300,2024-12-28 23:43:38+01:00,33.73016,-118.20155,0.1,267.2,259.0,314,Long Beach Harbor Anchorage B,4021184234061d32c95688af9413fb10059ae4c7216beba347f9d53bf44a4581
477131300,2024-12-28 23:46:38+01:00,33.73014,-118.20156,0.1,232.3,259.0,314,Long Beach Harbor Anchorage B,6d7b007e1bd7548d58e609316cb0ed23546c97203ea7a47728c1102af1d57569
477131300,2024-12-28 23:49:38+01:00,33.73013,-118.20155,0.0,295.8,260.0,314,Long Beach Harbor Anchorage B,0a0ec93ae8085511e06f166971cc6f76879b7ac44c130cb132b9151bf14ccd4c
477131300,2024-12-28 23:52:38+01:00,33.73014,-118.20157,0.0,275.1,260.0,314,Long Beach Harbor Anchorage B,1d205ec8e925f57e5a60a56ab1f9647033fbe7863ce73d83427e6c7a47d87821
477131300,2024-12-28 23:55:38+01:00,33.73017,-118.20155,0.0,175.9,260.0,314,Long Beach Harbor Anchorage B,74dd606f61930d7c541b9a24709af00cd67b89e28414bf3f7f282d0f5a881080
477131300,2024-12-28 23:58:38+01:00,33.73019,-118.20151,0.0,175.9,260.0,314,Long Beach Harbor Anchorage B,74bdf5ea33fc25f0dc9b397a8d785cbd54b46ae34cf851ac3d646f6a8c5ef87f
477131300,2024-12-29 00:01:38+01:00,33.73023,-118.20149,0.0,324.0,258.0,314,Long Beach Harbor Anchorage B,a7e41d81963a51418937f0a107365a5ca91c07d19f175aabe42028016a1cbaf2
477131300,2024-12-29 00:04:38+01:00,33.73027,-118.20151,0.0,210.0,256.0,314,Long Beach Harbor Anchorage B,1b5dca8703229bf8136e367153c2026fa282b11f3d4085b8ddd50dd639bd8021
477131300,2024-12-29 00:07:38+01:00,33.73027,-118.20154,0.1,241.3,254.0,314,Long Beach Harbor Anchorage B,c5f04a1ee7f452900866d268ce531ad24628b719ef2ae661b47ee73040e3e64c
477131300,2024-12-29 00:10:38+01:00,33.73028,-118.20157,0.0,232.0,253.0,314,Long Beach Harbor Anchorage B,0f56b0557b4d0988c778aa3859c308e3eb3c70370795a6a38c8cf05512542ebd
477131300,2024-12-29 00:13:38+01:00,33.73029,-118.20156,0.0,139.0,254.0,314,Long Beach Harbor Anchorage B,e32085cdb80c5fe28fabe8d2abebfdab8232b5453689e0318535fa0b08dafb38
477131300,2024-12-29 00:16:38+01:00,33.73029,-118.20155,0.1,172.0,255.0,314,Long Beach Harbor Anchorage B,d57cc9d48e05e505978b2327453ff129f539f11d69e1f58a3355be05d7c0b0fa
477131300,2024-12-29 00:19:38+01:00,33.73027,-118.20155,0.0,255.5,257.0,314,Long Beach Harbor Anchorage B,205fdda89efa6fa72e1dec198a897ec948f5823d45153bd1603842e1f6a2c626
477131300,2024-12-29 00:22:38+01:00,33.73027,-118.20155,0.0,231.2,257.0,314,Long Beach Harbor Anchorage B,c748cedc901e3de5cf14ec6b35351a36c00dbdbf9b7a0a991824221c885bcdbb
477131300,2024-12-29 00:28:38+01:00,33.73029,-118.20157,0.0,327.4,255.0,314,Long Beach Harbor Anchorage B,e89beba2b3c6549607643bd194f630bd47306ebe2ab232a46d59fdddc5982410
477131300,2024-12-29 00:31:38+01:00,33.73032,-118.20158,0.0,330.0,254.0,314,Long Beach Harbor Anchorage B,7982b89a90808405fa38677f66c0707aba653ba204089a0e3f8417c35935f036
477131300,2024-12-29 00:34:38+01:00,33.73034,-118.20159,0.0,345.6,253.0,314,Long Beach Harbor Anchorage B,38aa1e7c257d181cb7e71283ae354f6aa7798619414815bec2730ff0b3da6e69
477131300,2024-12-29 00:37:38+01:00,33.73037,-118.20157,0.0,356.0,253.0,314,Long Beach Harbor Anchorage B,61b8f6807c8b1e3d91777a15310dfc1c57a3f11105ba955626e79643141afc10
477131300,2024-12-29 00:40:38+01:00,33.73039,-118.20156,0.0,315.3,251.0,314,Long Beach Harbor Anchorage B,f2a213bc1967a3d2c544c8c72780fe8fa4789ae4f6354d75f8c5d237a1ca10e6
477131300,2024-12-29 00:43:38+01:00,33.73041,-118.20159,0.0,269.2,250.0,314,Long Beach Harbor Anchorage B,be0c2063cc3f5b668360d1e0c7fd203827cf8e3804cbf3004243ed200667cfe3
477131300,2024-12-29 00:46:38+01:00,33.73041,-118.20159,0.0,228.8,250.0,314,Long Beach Harbor Anchorage B,7d0d8834c774405087e966d301d09a6909f74e4b92488d02fbeb0d107f661873
477131300,2024-12-29 00:49:38+01:00,33.73042,-118.20161,0.0,174.8,250.0,314,Long Beach Harbor Anchorage B,aa626f51750a3d8b68a6ca3ff2a5d30584e4d99b772f821e2a87e52ddca80505
477131300,2024-12-29 00:52:38+01:00,33.73042,-118.2016,0.0,190.9,251.0,314,Long Beach Harbor Anchorage B,30a41a47dd3e5d7483f36fba9a67e15cc753d96edfa1451eff599271b2a78484
477131300,2024-12-29 00:55:38+01:00,33.73044,-118.20161,0.0,329.3,251.0,314,Long Beach Harbor Anchorage B,67694fddadeb43024a78fd74a308e9d439ac0133fc732489dc4148132618038d
477131300,2024-12-29 00:58:38+01:00,33.73048,-118.20162,0.0,269.5,249.0,314,Long Beach Harbor Anchorage B,afe7aaa4ce9e2714e7c9f52f03a11f8dacdda467af5fe043d6b295a6d7122733
477131300,2024-12-29 01:01:38+01:00,33.73053,-118.20166,0.1,297.2,247.0,314,Long Beach Harbor Anchorage B,af4870e336847c12bd60d710a483a1ca88eba763178278b5f860ed54b0d81720
477131300,2024-12-29 01:04:38+01:00,33.73056,-118.20169,0.1,292.6,245.0,314,Long Beach Harbor Anchorage B,34357cf9f5afc1794b3ebd4573285ad75cfcc293dfaa496195e87fa650551d76
477131300,2024-12-29 01:07:38+01:00,33.73061,-118.20175,0.1,333.9,243.0,314,Long Beach Harbor Anchorage B,d72955be44b16fcc57234dcf3b73211a0417932942e7f5156d03f31368c9bdeb
477131300,2024-12-29 01:10:38+01:00,33.73066,-118.20178,0.1,311.6,241.0,314,Long Beach Harbor Anchorage B,5df702dc4925a4a8fb6fd0ddf4be9286a11ebc5231bacbbeb51dea76a99ed593
477131300,2024-12-29 01:13:38+01:00,33.7307,-118.2018,0.0,324.6,240.0,314,Long Beach Harbor Anchorage B,8f01cfe7282804a054dcb882ebd067294b56c35cd7cb865613e9c493de764d25
477131300,2024-12-29 01:16:39+01:00,33.73074,-118.20179,0.0,344.6,238.0,314,Long Beach Harbor Anchorage B,7ba776c655cb0b7307c2f1f71278cf164c58914d9b15ebac764070f9b70bf723
477131300,2024-12-29 01:19:38+01:00,33.73076,-118.20182,0.0,344.6,237.0,314,Long Beach Harbor Anchorage B,2998e593a0c8ee2515d428f5c05c2dac014ef889a18c2df34517f2b200cf547b
477131300,2024-12-29 01:22:38+01:00,33.73076,-118.20181,0.0,194.5,237.0,314,Long Beach Harbor Anchorage B,410a48cd19198a6c8a8e7755f6d68bedb12d009e9bb05d63af5051ccf97864a4
477131300,2024-12-29 01:25:38+01:00,33.73072,-118.2018,0.1,188.5,238.0,314,Long Beach Harbor Anchorage B,a8d82c2bb81e8c6fc156e18dcb764f588714245dd302a14fc890a0ce704a235b
477131300,2024-12-29 01:28:38+01:00,33.73067,-118.20181,0.1,191.5,239.0,314,Long Beach Harbor Anchorage B,b3f947c51a72dd6c8696ea85446995aaa61aa7359393cd6859f55894300c9616
477131300,2024-12-29 01:34:38+01:00,33.73065,-118.20176,0.0,169.4,240.0,314,Long Beach Harbor Anchorage B,e320496774487ca8d19948b19d4c8a171ca4de3b2693dc7b42986e7ba87a7b35
477131300,2024-12-29 01:37:38+01:00,33.73068,-118.20178,0.0,169.4,240.0,314,Long Beach Harbor Anchorage B,5de34e10a70e376d89d7083f57c3750c0f268186507acd29bae3650c7c9a22b6
477131300,2024-12-29 01:40:38+01:00,33.73071,-118.2018,0.0,169.4,239.0,314,Long Beach Harbor Anchorage B,15e1760f5b95a7fbec45bef978fd4fab757648fce70e330b06e6a1681cd5622d
477131300,2024-12-29 01:43:38+01:00,33.73072,-118.20184,0.0,229.0,238.0,314,Long Beach Harbor Anchorage B,f3fae084d523ea78d821c14d5fe7bc9073193644ec4d5d6596dfcfeb9c926372
477131300,2024-12-29 01:46:38+01:00,33.73076,-118.20187,0.1,268.1,237.0,314,Long Beach Harbor Anchorage B,a320e9d7dc95a722c08bc483bd60ec140fb010f1d640858b72c911296f7764de
477131300,2024-12-29 01:49:38+01:00,33.73078,-118.20188,0.0,180.8,236.0,314,Long Beach Harbor Anchorage B,08f4768580a78ce258c5d1d1f304e2a16419ea5f96c1765ca9813523f29105f5
477131300,2024-12-29 01:52:38+01:00,33.7308,-118.20191,0.0,312.2,234.0,314,Long Beach Harbor Anchorage B,ead4fdf98f0f66e299db668567adadce7d78c164e1aa7a5eac68042e6e8788a0
477131300,2024-12-29 01:55:38+01:00,33.73084,-118.2019,0.0,312.2,233.0,314,Long Beach Harbor Anchorage B,e6d9e54abc7724037186363fe80acf8a0c7a7bffc0ecd5240db55862d2383e81
477131300,2024-12-29 01:58:38+01:00,33.73085,-118.2019,0.0,312.2,232.0,314,Long Beach Harbor Anchorage B,602190fd046473db20ac3949b6c8fd30256524655b2d66cef30f14c50fd58d17
477131300,2024-12-29 02:01:38+01:00,33.73087,-118.20195,0.1,253.2,231.0,314,Long Beach Harbor Anchorage B,104b1a02d3ed702c426bc021bfa0c960a88bbbd43a801206c8662bfddc021dde
477131300,2024-12-29 02:04:38+01:00,33.73089,-118.20202,0.1,259.6,231.0,314,Long Beach Harbor Anchorage B,6def5f8a0bce4fad8e7f5ddb1ce9de695e2e8424603fa02b856f5bdf185e4e53
477131300,2024-12-29 02:07:38+01:00,33.7309,-118.20204,0.0,258.3,230.0,314,Long Beach Harbor Anchorage B,6535dce3ae94420c7f8919da910fc7bcb7d2939f92f5caad3f959a63fdcda09e
477131300,2024-12-29 02:10:38+01:00,33.73093,-118.20209,0.0,292.1,228.0,314,Long Beach Harbor Anchorage B,bb1d7d864b144fada6f6c5241676e803ea24d326aa6fa6e88005094fa4e5e16d
477131300,2024-12-29 02:13:38+01:00,33.73098,-118.20214,0.1,293.3,226.0,314,Long Beach Harbor Anchorage B,8fed99475b397178b16fa42393358c715cec4d7e6bc4fd6a48d8c0876118170a
477131300,2024-12-29 02:16:38+01:00,33.73104,-118.20218,0.0,298.8,223.0,314,Long Beach Harbor Anchorage B,6b1148ff2d9114a7de6ed4fc81044ac18b81fcc4d3ecf6436d0464e774f4b180
477131300,2024-12-29 02:19:38+01:00,33.73111,-118.20222,0.0,343.2,220.0,314,Long Beach Harbor Anchorage B,2469d0ebfb95bf9ce0be65841f98fae23fa75d50071ef6119e08dbf248a683e5
477131300,2024-12-29 02:22:38+01:00,33.73117,-118.20223,0.0,314.5,218.0,314,Long Beach Harbor Anchorage B,0b02aa765c6f6d2d3d2819bcafdf4431c732ab71e04e3873164a157c5d6d983f
477131300,2024-12-29 02:25:38+01:00,33.73116,-118.20221,0.1,171.7,217.0,314,Long Beach Harbor Anchorage B,8fffb3c88cd87a6003a080e69209fb4c9844c3f93a21501ec887520c2664522b
477131300,2024-12-29 02:28:38+01:00,33.7311,-118.20221,0.1,173.1,220.0,314,Long Beach Harbor Anchorage B,ad77696c04f629fda98931dc43a0ba485ba1e673afb658c53f9c64cc157de8cb
477131300,2024-12-29 02:31:38+01:00,33.73106,-118.20219,0.1,181.4,223.0,314,Long Beach Harbor Anchorage B,00d88a9d88d9dc6bb6cab213d6a93bd1a442fdac132b78fa075b293de29cfad6
477131300,2024-12-29 02:34:38+01:00,33.73104,-118.20217,0.0,187.4,224.0,314,Long Beach Harbor Anchorage B,99c983bcab768c70928aa051fa4e2b35a156be91b4053da5f1d30a5e730679ff
477131300,2024-12-29 02:37:38+01:00,33.73104,-118.20215,0.0,227.9,224.0,314,Long Beach Harbor Anchorage B,eda41727e0717c2eb3427a30f8e7993060415d0c0b6f3f90cec3bb04d7596e76
477131300,2024-12-29 02:40:38+01:00,33.73106,-118.20216,0.0,227.9,223.0,314,Long Beach Harbor Anchorage B,c31a88eaae4ee9f99c287ced0deeac32571236815860914cbc5368cbb9cf8e8f
477131300,2024-12-29 02:43:38+01:00,33.73108,-118.20218,0.0,227.9,222.0,314,Long Beach Harbor Anchorage B,b6f9a2fc0d416b96511fd82724d5864688667c5bdfcef1055398a82fc2266035
477131300,2024-12-29 02:46:38+01:00,33.73108,-118.20221,0.1,252.4,221.0,314,Long Beach Harbor Anchorage B,d8934179c667f57a0b4b61821d04e18352f1c20df8c14ecbe75255a0530c5df8
477131300,2024-12-29 02:49:38+01:00,33.73107,-118.20223,0.0,227.1,220.0,314,Long Beach Harbor Anchorage B,a1dcd61a95f96e9498caf8a6a2ae15d97556bbb5a5351569f7edae0903ff21fd
477131300,2024-12-29 02:52:38+01:00,33.73107,-118.20228,0.0,207.8,219.0,314,Long Beach Harbor Anchorage B,232fd168f5b1c5547089977dfd28cb58b91adfe7746de221b17672392e4cbf0f
477131300,2024-12-29 02:55:38+01:00,33.73108,-118.20233,0.0,285.4,218.0,314,Long Beach Harbor Anchorage B,f3b5e7c03b4e334984cca642e5727dc039186ad3000e7e590f19ce812f3c04ba
477131300,2024-12-29 02:58:38+01:00,33.7311,-118.20239,0.0,302.6,217.0,314,Long Beach Harbor Anchorage B,d816e381eef18972f2332e0ecf4876ae1f621a7e1c968f0fad28183311415455
477131300,2024-12-29 03:01:38+01:00,33.73111,-118.20242,0.1,303.2,215.0,314,Long Beach Harbor Anchorage B,7e704cb71ab3ee0ce982ad7f04172e0b90dae2eca0abc52ee91a85c1e4fb034a
477131300,2024-12-29 03:04:38+01:00,33.73117,-118.20251,0.1,302.0,212.0,314,Long Beach Harbor Anchorage B,85c9f3616f5ce7e3087a19230339d52ba194ae554706423966b6b9ee1c74a114
477131300,2024-12-29 03:07:38+01:00,33.73121,-118.2026,0.1,303.1,210.0,314,Long Beach Harbor Anchorage B,15d4b2e0dae0d8cf8cc4e221769b32b356aaafca1f7540bb8a30a45e3a90a4a8
477131300,2024-12-29 03:10:38+01:00,33.73125,-118.20268,0.1,283.9,206.0,314,Long Beach Harbor Anchorage B,6dec71543f14d0748a2d4e7daf79976be20c48ac4621a8c0a10f6b4208a5f224
477131300,2024-12-29 03:13:38+01:00,33.73129,-118.20278,0.1,281.3,204.0,314,Long Beach Harbor Anchorage B,fa1a1ad6d428707ee5287fad7ce9adb6a4615995f2c1321cb5dac325faee0106
477131300,2024-12-29 03:16:38+01:00,33.73132,-118.20288,0.1,286.1,200.0,314,Long Beach Harbor Anchorage B,f6012ced7e95164e94dfb3f403e8e7a41b4150646e66b6ebf5e29f7f9ed24fa3
477131300,2024-12-29 03:19:38+01:00,33.73139,-118.20301,0.1,277.8,197.0,314,Long Beach Harbor Anchorage B,037fdd52f905a4817dc0236e70c7a3868085e26d254bfddff76e9f172a9d3acc
477131300,2024-12-29 03:22:38+01:00,33.73143,-118.20313,0.1,287.8,194.0,314,Long Beach Harbor Anchorage B,ff72741385cb3f7d626837d0724289a465e348da1f5b5f95d3a29d6a7d889a4b
477131300,2024-12-29 03:25:38+01:00,33.73148,-118.20323,0.1,301.0,191.0,314,Long Beach Harbor Anchorage B,d41d11ae31533ac7c1dcf2f6f5b36fede5b8ce7536284e6863c5adb9cea67d58
477131300,2024-12-29 03:28:38+01:00,33.73148,-118.20331,0.1,282.1,188.0,314,Long Beach Harbor Anchorage B,928d0110fcaf143fb4445540d94e80de58b0799f8499e0c346a3c9a21e888fe1
477131300,2024-12-29 03:31:38+01:00,33.73147,-118.20338,0.1,264.2,186.0,314,Long Beach Harbor Anchorage B,6591961b971c2f3d6d13f0fb6c0d253c3ebc33b757979f0ca011bc4fff0331b1
477131300,2024-12-29 03:34:38+01:00,33.73144,-118.20345,0.1,216.3,184.0,314,Long Beach Harbor Anchorage B,4542b320ba389844014253cc6ea4a00e9cbd06ec5f003f384646ac903cf31787
477131300,2024-12-29 03:37:38+01:00,33.73138,-118.20352,0.1,200.1,182.0,314,Long Beach Harbor Anchorage B,8e6e3b9e3c93fd11e6a9eccdc1c2a4c6ccb5b84b928e0cf5f6d4a3b577475ca3
477131300,2024-12-29 03:40:38+01:00,33.73134,-118.20354,0.1,172.8,181.0,314,Long Beach Harbor Anchorage B,db83a6797e908ae37223628743a065dc5ed2194c16c285c3281127742239e99e
477131300,2024-12-29 03:43:38+01:00,33.7313,-118.20362,0.1,212.5,179.0,314,Long Beach Harbor Anchorage B,15ae89cf2703de021b0f2c18eb07f5905cfafadfa960861dc0f4e533413351d2
477131300,2024-12-29 03:46:38+01:00,33.73128,-118.20372,0.1,261.3,177.0,314,Long Beach Harbor Anchorage B,339e50d84a1856428434a514d0054b615c3ad935452652ec80443b2e72928fbe
477131300,2024-12-29 03:49:38+01:00,33.73126,-118.20384,0.1,217.0,174.0,314,Long Beach Harbor Anchorage B,395cb4fede3f96d992cfeaf267837cc9810683ab7b12210f8c0d5bdce90c742a
477131300,2024-12-29 03:52:38+01:00,33.73123,-118.20395,0.1,244.1,170.0,314,Long Beach Harbor Anchorage B,7c3bbd56a05ac5bdfc8348acc18ec0277b9cd6e5c37b1882fd3b73f5a5ba38e8
477131300,2024-12-29 03:55:38+01:00,33.73123,-118.20404,0.1,248.6,166.0,314,Long Beach Harbor Anchorage B,710e1e057514e6be893cbd08e3909fc80cd5d1ff7c16625b92688fca260ca976
477131300,2024-12-29 03:58:38+01:00,33.73123,-118.20419,0.1,262.1,163.0,314,Long Beach Harbor Anchorage B,a57b4b99b393e641170e8d20f90960bab411ef228f0fbc664fa3b48f223c9c35
477131300,2024-12-29 04:01:38+01:00,33.7312,-118.20432,0.1,251.7,159.0,314,Long Beach Harbor Anchorage B,dcb67eb0e0a4388e8cf672b3c0f33b6402cd996e1a045faf4d9a9befc98ca55f
477131300,2024-12-29 04:04:38+01:00,33.73118,-118.20446,0.1,261.6,156.0,314,Long Beach Harbor Anchorage B,90996654680e2fc83811ebe3b67936491cbe75c3214f27ca3d61e1f3ec5f03c7
477131300,2024-12-29 04:07:38+01:00,33.73116,-118.20457,0.1,248.4,151.0,314,Long Beach Harbor Anchorage B,6699264cbd86ef0cdb7b7f5747aaa8d6350bfac4a9fbc1902d2ca9210983c8a5
477131300,2024-12-29 04:10:38+01:00,33.73111,-118.20466,0.1,223.9,147.0,314,Long Beach Harbor Anchorage B,9c33a32c6fc0ad509d789e19dbe767673de602ace7a09feed4e69d1dc11ecf12
477131300,2024-12-29 04:13:38+01:00,33.73105,-118.20472,0.1,234.0,144.0,314,Long Beach Harbor Anchorage B,c0430fe5815ee2278afd134ccffbaf98e56151dcb85aa7269577275f7b02ea27
477131300,2024-12-29 04:16:38+01:00,33.73098,-118.20481,0.1,222.7,141.0,314,Long Beach Harbor Anchorage B,81a1f17f6fc3c5b4e9bb4262f0cf00a70364a01bbaf9f6e8971fd1e4cf668cd0
477131300,2024-12-29 04:19:38+01:00,33.73092,-118.2049,0.1,205.2,138.0,314,Long Beach Harbor Anchorage B,74f253eb01c47a2147126c1c42b2b011e4fbd9b840bb304f7c9dcdffb1bdeb87
477131300,2024-12-29 04:22:38+01:00,33.73082,-118.20498,0.2,201.4,134.0,314,Long Beach Harbor Anchorage B,770b689bec861ba697b27b5a806e815f68a2db5f12a6f28073e13139b9409e00
477131300,2024-12-29 04:25:38+01:00,33.73071,-118.20506,0.1,198.3,129.0,314,Long Beach Harbor Anchorage B,eedb76268f977aee6906a8465d550c39f81021529518deff57653304fb1d1018
477131300,2024-12-29 04:28:38+01:00,33.73061,-118.20512,0.2,202.4,124.0,314,Long Beach Harbor Anchorage B,6353895814a01d37460f2313105940e60351452267aa8c854315dbbe6152c3ea
477131300,2024-12-29 04:31:38+01:00,33.7305,-118.20519,0.2,195.0,119.0,314,Long Beach Harbor Anchorage B,212800499798a5910ce270976f48aa3cff5291280244df9e040e3b610ec20dae
477131300,2024-12-29 04:34:38+01:00,33.73039,-118.20521,0.2,193.5,115.0,314,Long Beach Harbor Anchorage B,487fd05c9f981ae489502ba77dbf3b9c36cea76ecd95bbfdef25817fe84ba705
477131300,2024-12-29 04:37:38+01:00,33.73028,-118.20528,0.2,205.2,111.0,314,Long Beach Harbor Anchorage B,a5508eaa4b38b2a76b92f3adf30f6ea29b5bbd866bdfe2d81b5d5c4a5fb076a6
477131300,2024-12-29 04:40:38+01:00,33.73018,-118.20532,0.1,189.0,107.0,314,Long Beach Harbor Anchorage B,51198b77682cecd41c588d998949fa69531ee6414d85f70107b8afae93a5702c
477131300,2024-12-29 04:43:38+01:00,33.73007,-118.20535,0.2,190.7,103.0,314,Long Beach Harbor Anchorage B,f1538ef8f3a565ab59aca076533b44d988aeefbb5d80c61fccc7687cfc5df570
477131300,2024-12-29 04:46:38+01:00,33.72995,-118.20539,0.2,179.6,98.0,314,Long Beach Harbor Anchorage B,b44846708d54db89dd141e920e85a78dc926c23968f0f69f2b196f3914082dca
477131300,2024-12-29 04:49:38+01:00,33.72982,-118.20541,0.1,191.0,93.0,314,Long Beach Harbor Anchorage B,8aad314cd1e1fae47a1ff2e0ede5e9d50bd83cd34e2f1b25aba4f3a5fc43acc9
477131300,2024-12-29 04:52:38+01:00,33.72969,-118.20543,0.2,192.6,87.0,314,Long Beach Harbor Anchorage B,e1e372d7cc31356f1a0693b22679ab234fcf6eee6b3a3de984a4f066fca5d3c3
477131300,2024-12-29 04:55:38+01:00,33.72956,-118.20548,0.2,188.5,82.0,314,Long Beach Harbor Anchorage B,e649e522adb6ba4cd5b12627c970c41f23d01c482cf489fc5b9b11b799360644
477131300,2024-12-29 04:58:38+01:00,33.72948,-118.2055,0.1,153.5,77.0,314,Long Beach Harbor Anchorage B,a15c4bebdac04ddeb8b8fa31d15ee7d9a45411b2ed36096d30271721dbf69aaf
477131300,2024-12-29 05:01:38+01:00,33.7294,-118.20548,0.1,170.5,74.0,314,Long Beach Harbor Anchorage B,b19087e356fd40416138c3759b62015f62ee4f9ec2e9ca1d66d8d5a5acfdd926
477131300,2024-12-29 05:10:38+01:00,33.72926,-118.20541,0.1,144.9,70.0,314,Long Beach Harbor Anchorage B,45b44a468290906941deb5b4c3dab9641e6473e5f97c944c6833dd0c91a7305d
477131300,2024-12-29 05:16:38+01:00,33.72921,-118.20535,0.1,135.3,67.0,314,Long Beach Harbor Anchorage B,cae2f73853dd60148a81bdb7dd9f48a760156a3a20765e133192559aed204792
477131300,2024-12-29 05:19:38+01:00,33.72919,-118.20534,0.0,173.9,66.0,314,Long Beach Harbor Anchorage B,d3400005560ef35eb9320b0446f5c480d92745410d51261f84faac6a01f4c833
477131300,2024-12-29 05:22:38+01:00,33.72917,-118.20534,0.0,159.6,66.0,314,Long Beach Harbor Anchorage B,de5b2797494e97122cd086d5de7c85001122d3a8e267086f3c832b4397187b5f
477131300,2024-12-29 05:28:38+01:00,33.72914,-118.2054,0.0,171.2,66.0,314,Long Beach Harbor Anchorage B,badec3dcf4372609c5e4c29971e0c93131fb895a5066aed68678fee5bf6541b1
477131300,2024-12-29 05:31:38+01:00,33.72913,-118.20543,0.0,166.3,67.0,314,Long Beach Harbor Anchorage B,67f172b778597d97475f80a34d790edb6c389b4d4f1d5194a39155a206105632
477131300,2024-12-29 05:34:38+01:00,33.72915,-118.20543,0.0,157.8,68.0,314,Long Beach Harbor Anchorage B,574ed82a05f1174e0d10d7ab4429efce8570c88fc7a1f93701fdaf663fb6181e
477131300,2024-12-29 05:37:38+01:00,33.72913,-118.2054,0.0,144.6,69.0,314,Long Beach Harbor Anchorage B,1557d48689fd695028bc099ebfa8b2a3fe6c96261fbd160546b77f0ef367d980
477131300,2024-12-29 05:43:38+01:00,33.72915,-118.20534,0.0,129.5,69.0,314,Long Beach Harbor Anchorage B,72f689a5e0fdee1f11b88b302d0b95a20c819120e5343659a65429451bd13385
477131300,2024-12-29 05:46:38+01:00,33.72913,-118.2053,0.1,130.2,68.0,314,Long Beach Harbor Anchorage B,a6175a620dbbb3e5bef20b433cc73525ba3b453dbf9b58a8a8f23420b3f7829e
477131300,2024-12-29 05:49:38+01:00,33.72911,-118.20529,0.1,142.5,67.0,314,Long Beach Harbor Anchorage B,cc1b22061ef283d278ebdc5580ea11bc6ef203fb28880922b76e239a57870c3a
477131300,2024-12-29 05:52:38+01:00,33.72912,-118.20525,0.0,155.6,66.0,314,Long Beach Harbor Anchorage B,94dbca5d82c87c2a663ad1b42a5f36eee5ba943cc42e3d8c888accb896911493
477131300,2024-12-29 05:55:38+01:00,33.72913,-118.20529,0.1,139.5,65.0,314,Long Beach Harbor Anchorage B,72b7965a4040c0cb220b02ee6418850c367ddae5f20f28181ab52146a946146f
477131300,2024-12-29 05:58:38+01:00,33.72911,-118.2053,0.0,162.1,65.0,314,Long Beach Harbor Anchorage B,2723ec301b3146a3042d8d189fe298d0194178459456fed371f5c75577febbfb
477131300,2024-12-29 06:01:38+01:00,33.72912,-118.20532,0.1,316.1,66.0,314,Long Beach Harbor Anchorage B,bfb7ee2b24c7a8d68097baa8df1470cd67f3187785ad40b6f898ae8ddccc0e23
477131300,2024-12-29 06:04:38+01:00,33.72912,-118.20533,0.0,170.9,67.0,314,Long Beach Harbor Anchorage B,b6d6201fb7bd26d24eb6f261e96a168c9ea9baafc25fbf92a1a7230995f06525
477131300,2024-12-29 06:07:38+01:00,33.72915,-118.20539,0.1,316.4,68.0,314,Long Beach Harbor Anchorage B,e301c019401b3eed65d4841df858e155a8cdb3869d4b27f89d2f5313a29f327b
477131300,2024-12-29 06:10:38+01:00,33.72916,-118.20539,0.0,82.9,69.0,314,Long Beach Harbor Anchorage B,04665ea1d3db0e3fc4751c6f23857f6018c8310c0dbf60ba689099675056ed5d
477131300,2024-12-29 06:13:38+01:00,33.72917,-118.2054,0.1,108.7,71.0,314,Long Beach Harbor Anchorage B,bf0cb0d65c7af8f41c4ae1015848588432d159ebb58c95a070bb26f06363f303
477131300,2024-12-29 06:16:38+01:00,33.72917,-118.20535,0.1,129.8,71.0,314,Long Beach Harbor Anchorage B,49913ec64f544d4e70f975b6f5e72a6da6c96273cc5c72f8f96bd267024460ef
477131300,2024-12-29 06:19:38+01:00,33.72916,-118.20531,0.1,91.7,71.0,314,Long Beach Harbor Anchorage B,5d2a3cd6399ce70cebf3b887cf8047349cf3ad84681ad29b78a8ccf1b995fb22
477131300,2024-12-29 06:22:38+01:00,33.72916,-118.2053,0.0,110.5,70.0,314,Long Beach Harbor Anchorage B,5d101f0bb66f56f524e501175cdb15a6783f81d6e50a5604b5bfc1b25ba276a7
477131300,2024-12-29 06:25:38+01:00,33.72912,-118.20524,0.0,127.9,69.0,314,Long Beach Harbor Anchorage B,337a82090fceab0f062bbd71593fa063f19ac92b5d0b785bf54b011e842ddca3
477131300,2024-12-29 06:28:38+01:00,33.72908,-118.20522,0.1,131.2,67.0,314,Long Beach Harbor Anchorage B,15be345242a13090fc3f81d3ff9d30c5b19670dd752360246cd850df97eaadf1
477131300,2024-12-29 06:31:38+01:00,33.72911,-118.20524,0.1,342.8,65.0,314,Long Beach Harbor Anchorage B,a1ddac917c7206cb26c9db34c993be6850ad2606e40ca71ee325feeb562389bd
477131300,2024-12-29 06:34:38+01:00,33.72908,-118.20519,0.1,14.4,63.0,314,Long Beach Harbor Anchorage B,239e388af7d6b9d715f779e0c78f10f88e8943ef36d367e72a58aef33f85acbd
477131300,2024-12-29 06:37:38+01:00,33.72899,-118.20516,0.0,142.4,62.0,314,Long Beach Harbor Anchorage B,a4979cbacfde648b609aa1720723b1dfa508b983d7b964bde28a42604afeedf0
477131300,2024-12-29 06:40:38+01:00,33.72899,-118.20514,0.0,80.3,61.0,314,Long Beach Harbor Anchorage B,90a400daddadab5e0020cda3542ac6fa47a195d3936e06119c70e7e55b37f9b1
477131300,2024-12-29 06:43:38+01:00,33.72897,-118.20515,0.0,0.2,60.0,314,Long Beach Harbor Anchorage B,50c7aaa209575781e04b1b64b6fbdeecd201d0315dbe6f2ee774facbd3f1a805
477131300,2024-12-29 06:46:38+01:00,33.72895,-118.20512,0.1,122.8,59.0,314,Long Beach Harbor Anchorage B,cb1e7a433eeafa151565dbf8090784abe7544895dcd423a5383fdfd92b9d6c56
477131300,2024-12-29 06:49:38+01:00,33.72893,-118.20507,0.1,70.8,58.0,314,Long Beach Harbor Anchorage B,40e5cee9d5486c36b0c04f38017542b2a5ec530081cb0de4d6ab73fa920f912a
477131300,2024-12-29 06:52:38+01:00,33.72891,-118.20506,0.0,92.0,57.0,314,Long Beach Harbor Anchorage B,18d6b6e77acc76b532f7f288829b31cc8d89c63dbe64ed0fa0f73a899e9c38f9
477131300,2024-12-29 06:55:38+01:00,33.7289,-118.20501,0.0,49.4,56.0,314,Long Beach Harbor Anchorage B,cf78c03dcb8d8dd3cf58c973022b809c42c844c277b8f503e1769f4c2567b513
477131300,2024-12-29 06:58:38+01:00,33.72891,-118.205,0.0,38.5,54.0,314,Long Beach Harbor Anchorage B,e5c7a13a227f0b7c6934d44f2f19433a6560a43ffba17c4a3d8d442feb84874e
477131300,2024-12-29 07:01:38+01:00,33.72887,-118.20499,0.0,38.5,53.0,314,Long Beach Harbor Anchorage B,6b5b00dedda05234c7b15db365f06b47d5a274c38de4bdae4afcf6f2cdbe218d
477131300,2024-12-29 07:04:38+01:00,33.72889,-118.205,0.0,288.5,52.0,314,Long Beach Harbor Anchorage B,ec09ebc1d598b9789f5657797607ff3b48259724008f8100a7beaf263b95b131
477131300,2024-12-29 07:07:38+01:00,33.7289,-118.20504,0.0,307.6,51.0,314,Long Beach Harbor Anchorage B,242e876311b5b7cc7cbb8e1498c4bc8c2e685d4423064d6e0f105a9879e6f950
477131300,2024-12-29 07:10:38+01:00,33.72892,-118.20507,0.0,287.4,52.0,314,Long Beach Harbor Anchorage B,8f7833efdb5fac61908b70e3e5502afa708cb06b7db76a8e5f7457db92790473
477131300,2024-12-29 07:13:38+01:00,33.72896,-118.20507,0.0,300.4,53.0,314,Long Beach Harbor Anchorage B,a82aafb80aa98cde3e9e5e8deb058e3e345a342daa26b9162c3583c81a1eef2f
477131300,2024-12-29 07:16:38+01:00,33.72898,-118.20504,0.1,89.7,54.0,314,Long Beach Harbor Anchorage B,fa7d28a86f386a8e3bff976856fd2554d705201be81e42d2a1075662ea88ca45
477131300,2024-12-29 07:19:38+01:00,33.72901,-118.20506,0.0,120.3,56.0,314,Long Beach Harbor Anchorage B,1c86928b60f7da2dd5f5498257164b3a20aa93d3dd521731a35cf82f71bb87ed
477131300,2024-12-29 07:22:38+01:00,33.72901,-118.205,0.1,122.1,56.0,314,Long Beach Harbor Anchorage B,7892dc4c66235a6c686bce94e203a405107687d2ce77ed927d0d8deee1012859
477131300,2024-12-29 07:25:38+01:00,33.729,-118.20497,0.1,160.6,56.0,314,Long Beach Harbor Anchorage B,b999eaa3f2d89247b661f4bc4ac1c44edb75be7425f494969fbe8ad4a515a2fc
477131300,2024-12-29 07:28:38+01:00,33.72899,-118.20489,0.1,157.0,55.0,314,Long Beach Harbor Anchorage B,b4a41ede790a4aa8e6acc82259f5929c7754088fe6691842cf9eb22e39429473
477131300,2024-12-29 07:31:38+01:00,33.72898,-118.20486,0.1,162.6,53.0,314,Long Beach Harbor Anchorage B,e13b1b0fd92303594a167e039c8321157ef0b3538632fc57e5302dc405509ab9
477131300,2024-12-29 07:34:38+01:00,33.72894,-118.20483,0.1,171.2,50.0,314,Long Beach Harbor Anchorage B,d7c145fd9e8471d898e38743749a9502c291132ce22b7af858a78bf4c88f9fde
477131300,2024-12-29 07:37:38+01:00,33.7289,-118.20481,0.1,177.7,47.0,314,Long Beach Harbor Anchorage B,da79b7bb566fe3f66a83af45b3713456c03a8f3e015d53972a205bb0d1e08e7a
477131300,2024-12-29 07:40:38+01:00,33.72884,-118.2048,0.1,169.7,44.0,314,Long Beach Harbor Anchorage B,5006dea45811010a95db32d0a879b1881a885214b8308e930fce48db86249a0c
477131300,2024-12-29 07:43:38+01:00,33.72878,-118.2048,0.1,183.3,42.0,314,Long Beach Harbor Anchorage B,7ffcded76a3e5573d495cd2833a9343854d4888b1cf6bbe1af06d7b8d4724393
477131300,2024-12-29 07:46:38+01:00,33.72874,-118.20482,0.1,183.2,41.0,314,Long Beach Harbor Anchorage B,61811c826bb9dc440082d848ecf9be7ffd96e6369d0ff9cc0e2c63849e1fe6c9
477131300,2024-12-29 07:49:38+01:00,33.72868,-118.2048,0.2,165.7,40.0,314,Long Beach Harbor Anchorage B,22a40fe3ee0c5c8d9574ce05ab2c1b3407bce0124cab6a027fa641e3ca7c01d5
477131300,2024-12-29 07:52:38+01:00,33.72868,-118.20477,0.1,141.9,39.0,314,Long Beach Harbor Anchorage B,6d0067c934b3c6350ff07ae9b6a30768e3da15837e08e3340d8a419dcb62e15e
477131300,2024-12-29 07:55:38+01:00,33.72867,-118.2047,0.1,121.1,37.0,314,Long Beach Harbor Anchorage B,017fb42b8bfa623013d044b770f1572ab7904e5ad8a2a316e9d47884e644bb9e
477131300,2024-12-29 07:58:38+01:00,33.72864,-118.20465,0.1,167.4,36.0,314,Long Beach Harbor Anchorage B,0164d2b044685bd526bd9edd15b52f97bd0f5cf0b06ff0272d832ac8e0cd9353
477131300,2024-12-29 07:59:43+01:00,33.72861,-118.20464,0.2,195.6,34.0,314,Long Beach Harbor Anchorage B,a451d7e96a26ccdf578a54904d8b0964480ddabaef53c46e5fdfc98f29858e26
477131300,2024-12-29 08:00:02+01:00,33.72859,-118.20464,0.2,202.6,34.0,314,Long Beach Harbor Anchorage B,9b0aafd7c01e0594764dce220d8147c4d8b3cabf1b30afbd82dd9e3b1da0d9d5
477131300,2024-12-29 08:01:13+01:00,33.72854,-118.20465,0.2,198.2,33.0,314,Long Beach Harbor Anchorage B,217bb7c6d45a20541a7d6fe64225d0ec5d8ddbb0c04cd519a8caadb448530c49
477131300,2024-12-29 08:02:24+01:00,33.72845,-118.20469,0.3,199.4,32.0,314,Long Beach Harbor Anchorage B,23643352e3839477b4744d0ba9358900314c04fab0bc866a4421d68c3a988760
477131300,2024-12-29 08:03:32+01:00,33.72839,-118.2047,0.3,199.2,31.0,314,Long Beach Harbor Anchorage B,7ca6ad4a301274c606e0ba4b11e493e269de6dfbc878d54403510288425fac4d
477131300,2024-12-29 08:04:43+01:00,33.72829,-118.20479,0.4,199.1,30.0,314,Long Beach Harbor Anchorage B,2b7273ddf9dee23ad11d6ba56249c9fb4fc6047932be9db94cd0f42462531366
477131300,2024-12-29 08:05:53+01:00,33.72816,-118.20488,0.5,196.9,29.0,314,Long Beach Harbor Anchorage B,9d84f7efd9221dcdbaa7f8df055c2b8aa88193404fe3529b3a7d1ab7bd564ee2
477131300,2024-12-29 08:07:23+01:00,33.72801,-118.20496,0.5,188.0,28.0,314,Long Beach Harbor Anchorage B,08fc0502639a6a8460193407e093035f6b5a27cbe980fdb32bf1eb6db154edeb
477131300,2024-12-29 08:08:32+01:00,33.72788,-118.20502,0.4,196.9,26.0,314,Long Beach Harbor Anchorage B,d1727a8f0470b917c0ad85fda651f9c6fa946c56567da9d92aeba9b83140bd6e
477131300,2024-12-29 08:09:43+01:00,33.72781,-118.20509,0.2,259.3,27.0,314,Long Beach Harbor Anchorage B,0e7752f1faa7580fb7f60ddb70ba66348e9101eff51be04b760ed1b13d89df6e
477131300,2024-12-29 08:10:53+01:00,33.72793,-118.20516,0.5,346.8,35.0,314,Long Beach Harbor Anchorage B,96200382deb38299f2d07e9977779eba7b5460ca5c3091962d5b718fb49bb74b
477131300,2024-12-29 08:12:13+01:00,33.72822,-118.20511,0.9,20.7,45.0,314,Long Beach Harbor Anchorage B,0e2992d3622daba1cf4a1c846ba2592d287fee0839c94c92efdfab0aa5dbce3d
477131300,2024-12-29 08:13:24+01:00,33.72854,-118.20487,1.3,34.9,52.0,314,Long Beach Harbor Anchorage B,723a5d4cc36f5967319b41b7323f43e0144dc28373e0fb647ecc40dc6c927a98
477131300,2024-12-29 08:14:44+01:00,33.72898,-118.20439,1.8,43.6,59.0,314,Long Beach Harbor Anchorage B,21292637b4aeb2f6b7225905fa7d35f78939ae8b7d0371c0dee3b57086994b4c
477131300,2024-12-29 08:15:54+01:00,33.72943,-118.20375,2.3,53.5,67.0,314,Long Beach Harbor Anchorage B,6bd90b30ebafb00a0c77182fd129f5e64caee78fb70f8fc6ad54ddd35ce1d4a9
477131300,2024-12-29 08:17:03+01:00,33.72984,-118.20293,2.6,62.7,77.0,314,Long Beach Harbor Anchorage B,f32896d9c6665dc58360266ee8be57fa934eac43211a0f5759b66cef1a19e2b3
477131300,2024-12-29 08:18:13+01:00,33.73016,-118.20193,2.8,75.3,86.0,314,Long Beach Harbor Anchorage B,28ec5cbebba4b7bcafb8249fce51a49faf7951fd2199510cd26857f818469bfa
477131300,2024-12-29 08:19:23+01:00,33.73029,-118.20079,3.1,85.0,93.0,314,Long Beach Harbor Anchorage B,570e09ad1b6c895a8755f98dce64db05f4f18195f81741bbcc37b29b6c6c867a
477131300,2024-12-29 08:20:33+01:00,33.73031,-118.19953,3.4,89.8,97.0,314,Long Beach Harbor Anchorage B,6e4c5fe3df3ccac9ab6bc539c1b5735ccb1c7d1246c6d64d88d3e2a9efc0a358
